BlenderMCP addon registered (auto-connect: on)
fal.ai: importers module loaded (VSE refresh: scene-swap + refresh_all)
cc_blender_tools_updater updater verbose is enabled
cc_blender_tools_updater Updater: Read in JSON settings from file
register_class(...):
Warning: 'CCIC_ImportMixBones_UL_List' does not have upper case alphanumeric prefix
register_class(...):
Warning: 'CCIC_RigMixBones_UL_List' does not have upper case alphanumeric prefix
BlenderMCP: cannot start server in background mode (blender -b) - commands would never execute
BlenderMCP: run Blender with a GUI, or use a virtual display: xvfb-run -a blender
BlenderMCP server stopped
BlenderMCP addon unregistered
Extensions: writing cache failed ([Errno 13] Permission denied: 'C:\\Users\\Andre\\AppData\\Roaming\\Blender Foundation\\Blender\\5.2\\extensions\\.cache\\compat.dat').
Failed to remove: (<built-in function unlink>, 'C:\\Users\\Andre\\AppData\\Roaming\\Blender Foundation\\Blender\\5.2\\extensions\\.local\\lib\\python3.13\\site-packages\\aiofiles-25.1.0.dist-info\\licenses\\LICENSE', PermissionError(13, 'Access is denied'))
Failed to remove: (<built-in function unlink>, 'C:\\Users\\Andre\\AppData\\Roaming\\Blender Foundation\\Blender\\5.2\\extensions\\.local\\lib\\python3.13\\site-packages\\aiofiles-25.1.0.dist-info\\licenses\\NOTICE', PermissionError(13, 'Access is denied'))
Failed to remove: (<built-in function rmdir>, 'C:\\Users\\Andre\\AppData\\Roaming\\Blender Foundation\\Blender\\5.2\\extensions\\.local\\lib\\python3.13\\site-packages\\aiofiles-25.1.0.dist-info\\licenses', PermissionError(13, 'Access is denied'))
Failed to remove: (<built-in function unlink>, 'C:\\Users\\Andre\\AppData\\Roaming\\Blender Foundation\\Blender\\5.2\\extensions\\.local\\lib\\python3.13\\site-packages\\aiofiles-25.1.0.dist-info\\METADATA', PermissionError(13, 'Access is denied'))
Failed to remove: (<built-in function unlink>, 'C:\\Users\\Andre\\AppData\\Roaming\\Blender Foundation\\Blender\\5.2\\extensions\\.local\\lib\\python3.13\\site-packages\\aiofiles-25.1.0.dist-info\\RECORD', PermissionError(13, 'Access is denied'))
Failed to remove: (<built-in function unlink>, 'C:\\Users\\Andre\\AppData\\Roaming\\Blender Foundation\\Blender\\5.2\\extensions\\.local\\lib\\python3.13\\site-packages\\aiofiles-25.1.0.dist-info\\WHEEL', PermissionError(13, 'Access is denied'))
Failed to remove: (<built-in function rmdir>, 'C:\\Users\\Andre\\AppData\\Roaming\\Blender Foundation\\Blender\\5.2\\extensions\\.local\\lib\\python3.13\\site-packages\\aiofiles-25.1.0.dist-info', PermissionError(13, 'Access is denied'))
Failed to remove: (<built-in function unlink>, 'C:\\Users\\Andre\\AppData\\Roaming\\Blender Foundation\\Blender\\5.2\\extensions\\.local\\lib\\python3.13\\site-packages\\aiofiles\\tempfile\\temptypes.py', PermissionError(13, 'Access is denied'))
Failed to remove: (<built-in function unlink>, 'C:\\Users\\Andre\\AppData\\Roaming\\Blender Foundation\\Blender\\5.2\\extensions\\.local\\lib\\python3.13\\site-packages\\aiofiles\\tempfile\\__init__.py', PermissionError(13, 'Access is denied'))
Failed to remove: (<built-in function unlink>, 'C:\\Users\\Andre\\AppData\\Roaming\\Blender Foundation\\Blender\\5.2\\extensions\\.local\\lib\\python3.13\\site-packages\\aiofiles\\threadpool\\binary.py', PermissionError(13, 'Access is denied'))
Failed to remove: (<built-in function unlink>, 'C:\\Users\\Andre\\AppData\\Roaming\\Blender Foundation\\Blender\\5.2\\extensions\\.local\\lib\\python3.13\\site-packages\\aiofiles\\threadpool\\text.py', PermissionError(13, 'Access is denied'))
Failed to remove: (<built-in function unlink>, 'C:\\Users\\Andre\\AppData\\Roaming\\Blender Foundation\\Blender\\5.2\\extensions\\.local\\lib\\python3.13\\site-packages\\aiofiles\\threadpool\\utils.py', PermissionError(13, 'Access is denied'))
Failed to remove: (<built-in function unlink>, 'C:\\Users\\Andre\\AppData\\Roaming\\Blender Foundation\\Blender\\5.2\\extensions\\.local\\lib\\python3.13\\site-packages\\aiofiles\\threadpool\\__init__.py', PermissionError(13, 'Access is denied'))
Failed to remove: (<built-in function rmdir>, 'C:\\Users\\Andre\\AppData\\Roaming\\Blender Foundation\\Blender\\5.2\\extensions\\.local\\lib\\python3.13\\site-packages\\aiofiles\\tempfile', PermissionError(13, 'Access is denied'))
Failed to remove: (<built-in function rmdir>, 'C:\\Users\\Andre\\AppData\\Roaming\\Blender Foundation\\Blender\\5.2\\extensions\\.local\\lib\\python3.13\\site-packages\\aiofiles\\threadpool', PermissionError(13, 'Access is denied'))
Failed to remove: (<built-in function unlink>, 'C:\\Users\\Andre\\AppData\\Roaming\\Blender Foundation\\Blender\\5.2\\extensions\\.local\\lib\\python3.13\\site-packages\\aiofiles\\base.py', PermissionError(13, 'Access is denied'))
Failed to remove: (<built-in function unlink>, 'C:\\Users\\Andre\\AppData\\Roaming\\Blender Foundation\\Blender\\5.2\\extensions\\.local\\lib\\python3.13\\site-packages\\aiofiles\\os.py', PermissionError(13, 'Access is denied'))
Failed to remove: (<built-in function unlink>, 'C:\\Users\\Andre\\AppData\\Roaming\\Blender Foundation\\Blender\\5.2\\extensions\\.local\\lib\\python3.13\\site-packages\\aiofiles\\ospath.py', PermissionError(13, 'Access is denied'))
Failed to remove: (<built-in function unlink>, 'C:\\Users\\Andre\\AppData\\Roaming\\Blender Foundation\\Blender\\5.2\\extensions\\.local\\lib\\python3.13\\site-packages\\aiofiles\\__init__.py', PermissionError(13, 'Access is denied'))
Failed to remove: (<built-in function rmdir>, 'C:\\Users\\Andre\\AppData\\Roaming\\Blender Foundation\\Blender\\5.2\\extensions\\.local\\lib\\python3.13\\site-packages\\aiofiles', PermissionError(13, 'Access is denied'))
Failed to remove: (<built-in function unlink>, 'C:\\Users\\Andre\\AppData\\Roaming\\Blender Foundation\\Blender\\5.2\\extensions\\.local\\lib\\python3.13\\site-packages\\anyio-4.13.0.dist-info\\licenses\\LICENSE', PermissionError(13, 'Access is denied'))
Failed to remove: (<built-in function rmdir>, 'C:\\Users\\Andre\\AppData\\Roaming\\Blender Foundation\\Blender\\5.2\\extensions\\.local\\lib\\python3.13\\site-packages\\anyio-4.13.0.dist-info\\licenses', PermissionError(13, 'Access is denied'))
Failed to remove: (<built-in function unlink>, 'C:\\Users\\Andre\\AppData\\Roaming\\Blender Foundation\\Blender\\5.2\\extensions\\.local\\lib\\python3.13\\site-packages\\anyio-4.13.0.dist-info\\entry_points.txt', PermissionError(13, 'Access is denied'))
Failed to remove: (<built-in function unlink>, 'C:\\Users\\Andre\\AppData\\Roaming\\Blender Foundation\\Blender\\5.2\\extensions\\.local\\lib\\python3.13\\site-packages\\anyio-4.13.0.dist-info\\METADATA', PermissionError(13, 'Access is denied'))
Failed to remove: (<built-in function unlink>, 'C:\\Users\\Andre\\AppData\\Roaming\\Blender Foundation\\Blender\\5.2\\extensions\\.local\\lib\\python3.13\\site-packages\\anyio-4.13.0.dist-info\\RECORD', PermissionError(13, 'Access is denied'))
Failed to remove: (<built-in function unlink>, 'C:\\Users\\Andre\\AppData\\Roaming\\Blender Foundation\\Blender\\5.2\\extensions\\.local\\lib\\python3.13\\site-packages\\anyio-4.13.0.dist-info\\top_level.txt', PermissionError(13, 'Access is denied'))
Failed to remove: (<built-in function unlink>, 'C:\\Users\\Andre\\AppData\\Roaming\\Blender Foundation\\Blender\\5.2\\extensions\\.local\\lib\\python3.13\\site-packages\\anyio-4.13.0.dist-info\\WHEEL', PermissionError(13, 'Access is denied'))
Failed to remove: (<built-in function rmdir>, 'C:\\Users\\Andre\\AppData\\Roaming\\Blender Foundation\\Blender\\5.2\\extensions\\.local\\lib\\python3.13\\site-packages\\anyio-4.13.0.dist-info', PermissionError(13, 'Access is denied'))
Failed to remove: (<built-in function unlink>, 'C:\\Users\\Andre\\AppData\\Roaming\\Blender Foundation\\Blender\\5.2\\extensions\\.local\\lib\\python3.13\\site-packages\\anyio\\abc\\_eventloop.py', PermissionError(13, 'Access is denied'))
Failed to remove: (<built-in function unlink>, 'C:\\Users\\Andre\\AppData\\Roaming\\Blender Foundation\\Blender\\5.2\\extensions\\.local\\lib\\python3.13\\site-packages\\anyio\\abc\\_resources.py', PermissionError(13, 'Access is denied'))
Failed to remove: (<built-in function unlink>, 'C:\\Users\\Andre\\AppData\\Roaming\\Blender Foundation\\Blender\\5.2\\extensions\\.local\\lib\\python3.13\\site-packages\\anyio\\abc\\_sockets.py', PermissionError(13, 'Access is denied'))
Failed to remove: (<built-in function unlink>, 'C:\\Users\\Andre\\AppData\\Roaming\\Blender Foundation\\Blender\\5.2\\extensions\\.local\\lib\\python3.13\\site-packages\\anyio\\abc\\_streams.py', PermissionError(13, 'Access is denied'))
Failed to remove: (<built-in function unlink>, 'C:\\Users\\Andre\\AppData\\Roaming\\Blender Foundation\\Blender\\5.2\\extensions\\.local\\lib\\python3.13\\site-packages\\anyio\\abc\\_subprocesses.py', PermissionError(13, 'Access is denied'))
Failed to remove: (<built-in function unlink>, 'C:\\Users\\Andre\\AppData\\Roaming\\Blender Foundation\\Blender\\5.2\\extensions\\.local\\lib\\python3.13\\site-packages\\anyio\\abc\\_tasks.py', PermissionError(13, 'Access is denied'))
Failed to remove: (<built-in function unlink>, 'C:\\Users\\Andre\\AppData\\Roaming\\Blender Foundation\\Blender\\5.2\\extensions\\.local\\lib\\python3.13\\site-packages\\anyio\\abc\\_testing.py', PermissionError(13, 'Access is denied'))
Failed to remove: (<built-in function unlink>, 'C:\\Users\\Andre\\AppData\\Roaming\\Blender Foundation\\Blender\\5.2\\extensions\\.local\\lib\\python3.13\\site-packages\\anyio\\abc\\__init__.py', PermissionError(13, 'Access is denied'))
Failed to remove: (<built-in function unlink>, 'C:\\Users\\Andre\\AppData\\Roaming\\Blender Foundation\\Blender\\5.2\\extensions\\.local\\lib\\python3.13\\site-packages\\anyio\\streams\\buffered.py', PermissionError(13, 'Access is denied'))
Failed to remove: (<built-in function unlink>, 'C:\\Users\\Andre\\AppData\\Roaming\\Blender Foundation\\Blender\\5.2\\extensions\\.local\\lib\\python3.13\\site-packages\\anyio\\streams\\file.py', PermissionError(13, 'Access is denied'))
Failed to remove: (<built-in function unlink>, 'C:\\Users\\Andre\\AppData\\Roaming\\Blender Foundation\\Blender\\5.2\\extensions\\.local\\lib\\python3.13\\site-packages\\anyio\\streams\\memory.py', PermissionError(13, 'Access is denied'))
Failed to remove: (<built-in function unlink>, 'C:\\Users\\Andre\\AppData\\Roaming\\Blender Foundation\\Blender\\5.2\\extensions\\.local\\lib\\python3.13\\site-packages\\anyio\\streams\\stapled.py', PermissionError(13, 'Access is denied'))
Failed to remove: (<built-in function unlink>, 'C:\\Users\\Andre\\AppData\\Roaming\\Blender Foundation\\Blender\\5.2\\extensions\\.local\\lib\\python3.13\\site-packages\\anyio\\streams\\text.py', PermissionError(13, 'Access is denied'))
Failed to remove: (<built-in function unlink>, 'C:\\Users\\Andre\\AppData\\Roaming\\Blender Foundation\\Blender\\5.2\\extensions\\.local\\lib\\python3.13\\site-packages\\anyio\\streams\\tls.py', PermissionError(13, 'Access is denied'))
Failed to remove: (<built-in function unlink>, 'C:\\Users\\Andre\\AppData\\Roaming\\Blender Foundation\\Blender\\5.2\\extensions\\.local\\lib\\python3.13\\site-packages\\anyio\\streams\\__init__.py', PermissionError(13, 'Access is denied'))
Failed to remove: (<built-in function unlink>, 'C:\\Users\\Andre\\AppData\\Roaming\\Blender Foundation\\Blender\\5.2\\extensions\\.local\\lib\\python3.13\\site-packages\\anyio\\_backends\\_asyncio.py', PermissionError(13, 'Access is denied'))
Failed to remove: (<built-in function unlink>, 'C:\\Users\\Andre\\AppData\\Roaming\\Blender Foundation\\Blender\\5.2\\extensions\\.local\\lib\\python3.13\\site-packages\\anyio\\_backends\\_trio.py', PermissionError(13, 'Access is denied'))
Failed to remove: (<built-in function unlink>, 'C:\\Users\\Andre\\AppData\\Roaming\\Blender Foundation\\Blender\\5.2\\extensions\\.local\\lib\\python3.13\\site-packages\\anyio\\_backends\\__init__.py', PermissionError(13, 'Access is denied'))
Failed to remove: (<built-in function unlink>, 'C:\\Users\\Andre\\AppData\\Roaming\\Blender Foundation\\Blender\\5.2\\extensions\\.local\\lib\\python3.13\\site-packages\\anyio\\_core\\_asyncio_selector_thread.py', PermissionError(13, 'Access is denied'))
Failed to remove: (<built-in function unlink>, 'C:\\Users\\Andre\\AppData\\Roaming\\Blender Foundation\\Blender\\5.2\\extensions\\.local\\lib\\python3.13\\site-packages\\anyio\\_core\\_contextmanagers.py', PermissionError(13, 'Access is denied'))
Failed to remove: (<built-in function unlink>, 'C:\\Users\\Andre\\AppData\\Roaming\\Blender Foundation\\Blender\\5.2\\extensions\\.local\\lib\\python3.13\\site-packages\\anyio\\_core\\_eventloop.py', PermissionError(13, 'Access is denied'))
Failed to remove: (<built-in function unlink>, 'C:\\Users\\Andre\\AppData\\Roaming\\Blender Foundation\\Blender\\5.2\\extensions\\.local\\lib\\python3.13\\site-packages\\anyio\\_core\\_exceptions.py', PermissionError(13, 'Access is denied'))
Failed to remove: (<built-in function unlink>, 'C:\\Users\\Andre\\AppData\\Roaming\\Blender Foundation\\Blender\\5.2\\extensions\\.local\\lib\\python3.13\\site-packages\\anyio\\_core\\_fileio.py', PermissionError(13, 'Access is denied'))
Failed to remove: (<built-in function unlink>, 'C:\\Users\\Andre\\AppData\\Roaming\\Blender Foundation\\Blender\\5.2\\extensions\\.local\\lib\\python3.13\\site-packages\\anyio\\_core\\_resources.py', PermissionError(13, 'Access is denied'))
Failed to remove: (<built-in function unlink>, 'C:\\Users\\Andre\\AppData\\Roaming\\Blender Foundation\\Blender\\5.2\\extensions\\.local\\lib\\python3.13\\site-packages\\anyio\\_core\\_signals.py', PermissionError(13, 'Access is denied'))
Failed to remove: (<built-in function unlink>, 'C:\\Users\\Andre\\AppData\\Roaming\\Blender Foundation\\Blender\\5.2\\extensions\\.local\\lib\\python3.13\\site-packages\\anyio\\_core\\_sockets.py', PermissionError(13, 'Access is denied'))
Failed to remove: (<built-in function unlink>, 'C:\\Users\\Andre\\AppData\\Roaming\\Blender Foundation\\Blender\\5.2\\extensions\\.local\\lib\\python3.13\\site-packages\\anyio\\_core\\_streams.py', PermissionError(13, 'Access is denied'))
Failed to remove: (<built-in function unlink>, 'C:\\Users\\Andre\\AppData\\Roaming\\Blender Foundation\\Blender\\5.2\\extensions\\.local\\lib\\python3.13\\site-packages\\anyio\\_core\\_subprocesses.py', PermissionError(13, 'Access is denied'))
Failed to remove: (<built-in function unlink>, 'C:\\Users\\Andre\\AppData\\Roaming\\Blender Foundation\\Blender\\5.2\\extensions\\.local\\lib\\python3.13\\site-packages\\anyio\\_core\\_synchronization.py', PermissionError(13, 'Access is denied'))
Failed to remove: (<built-in function unlink>, 'C:\\Users\\Andre\\AppData\\Roaming\\Blender Foundation\\Blender\\5.2\\extensions\\.local\\lib\\python3.13\\site-packages\\anyio\\_core\\_tasks.py', PermissionError(13, 'Access is denied'))
Failed to remove: (<built-in function unlink>, 'C:\\Users\\Andre\\AppData\\Roaming\\Blender Foundation\\Blender\\5.2\\extensions\\.local\\lib\\python3.13\\site-packages\\anyio\\_core\\_tempfile.py', PermissionError(13, 'Access is denied'))
Failed to remove: (<built-in function unlink>, 'C:\\Users\\Andre\\AppData\\Roaming\\Blender Foundation\\Blender\\5.2\\extensions\\.local\\lib\\python3.13\\site-packages\\anyio\\_core\\_testing.py', PermissionError(13, 'Access is denied'))
Failed to remove: (<built-in function unlink>, 'C:\\Users\\Andre\\AppData\\Roaming\\Blender Foundation\\Blender\\5.2\\extensions\\.local\\lib\\python3.13\\site-packages\\anyio\\_core\\_typedattr.py', PermissionError(13, 'Access is denied'))
Failed to remove: (<built-in function unlink>, 'C:\\Users\\Andre\\AppData\\Roaming\\Blender Foundation\\Blender\\5.2\\extensions\\.local\\lib\\python3.13\\site-packages\\anyio\\_core\\__init__.py', PermissionError(13, 'Access is denied'))
Failed to remove: (<built-in function rmdir>, 'C:\\Users\\Andre\\AppData\\Roaming\\Blender Foundation\\Blender\\5.2\\extensions\\.local\\lib\\python3.13\\site-packages\\anyio\\abc', PermissionError(13, 'Access is denied'))
Failed to remove: (<built-in function rmdir>, 'C:\\Users\\Andre\\AppData\\Roaming\\Blender Foundation\\Blender\\5.2\\extensions\\.local\\lib\\python3.13\\site-packages\\anyio\\streams', PermissionError(13, 'Access is denied'))
Failed to remove: (<built-in function rmdir>, 'C:\\Users\\Andre\\AppData\\Roaming\\Blender Foundation\\Blender\\5.2\\extensions\\.local\\lib\\python3.13\\site-packages\\anyio\\_backends', PermissionError(13, 'Access is denied'))
Failed to remove: (<built-in function rmdir>, 'C:\\Users\\Andre\\AppData\\Roaming\\Blender Foundation\\Blender\\5.2\\extensions\\.local\\lib\\python3.13\\site-packages\\anyio\\_core', PermissionError(13, 'Access is denied'))
Failed to remove: (<built-in function unlink>, 'C:\\Users\\Andre\\AppData\\Roaming\\Blender Foundation\\Blender\\5.2\\extensions\\.local\\lib\\python3.13\\site-packages\\anyio\\from_thread.py', PermissionError(13, 'Access is denied'))
Failed to remove: (<built-in function unlink>, 'C:\\Users\\Andre\\AppData\\Roaming\\Blender Foundation\\Blender\\5.2\\extensions\\.local\\lib\\python3.13\\site-packages\\anyio\\functools.py', PermissionError(13, 'Access is denied'))
Failed to remove: (<built-in function unlink>, 'C:\\Users\\Andre\\AppData\\Roaming\\Blender Foundation\\Blender\\5.2\\extensions\\.local\\lib\\python3.13\\site-packages\\anyio\\lowlevel.py', PermissionError(13, 'Access is denied'))
Failed to remove: (<built-in function unlink>, 'C:\\Users\\Andre\\AppData\\Roaming\\Blender Foundation\\Blender\\5.2\\extensions\\.local\\lib\\python3.13\\site-packages\\anyio\\py.typed', PermissionError(13, 'Access is denied'))
Failed to remove: (<built-in function unlink>, 'C:\\Users\\Andre\\AppData\\Roaming\\Blender Foundation\\Blender\\5.2\\extensions\\.local\\lib\\python3.13\\site-packages\\anyio\\pytest_plugin.py', PermissionError(13, 'Access is denied'))
Failed to remove: (<built-in function unlink>, 'C:\\Users\\Andre\\AppData\\Roaming\\Blender Foundation\\Blender\\5.2\\extensions\\.local\\lib\\python3.13\\site-packages\\anyio\\to_interpreter.py', PermissionError(13, 'Access is denied'))
Failed to remove: (<built-in function unlink>, 'C:\\Users\\Andre\\AppData\\Roaming\\Blender Foundation\\Blender\\5.2\\extensions\\.local\\lib\\python3.13\\site-packages\\anyio\\to_process.py', PermissionError(13, 'Access is denied'))
Failed to remove: (<built-in function unlink>, 'C:\\Users\\Andre\\AppData\\Roaming\\Blender Foundation\\Blender\\5.2\\extensions\\.local\\lib\\python3.13\\site-packages\\anyio\\to_thread.py', PermissionError(13, 'Access is denied'))
Failed to remove: (<built-in function unlink>, 'C:\\Users\\Andre\\AppData\\Roaming\\Blender Foundation\\Blender\\5.2\\extensions\\.local\\lib\\python3.13\\site-packages\\anyio\\__init__.py', PermissionError(13, 'Access is denied'))
Failed to remove: (<built-in function rmdir>, 'C:\\Users\\Andre\\AppData\\Roaming\\Blender Foundation\\Blender\\5.2\\extensions\\.local\\lib\\python3.13\\site-packages\\anyio', PermissionError(13, 'Access is denied'))
Failed to remove: (<built-in function unlink>, 'C:\\Users\\Andre\\AppData\\Roaming\\Blender Foundation\\Blender\\5.2\\extensions\\.local\\lib\\python3.13\\site-packages\\asyncstdlib-3.14.0.dist-info\\licenses\\LICENSE', PermissionError(13, 'Access is denied'))
Failed to remove: (<built-in function rmdir>, 'C:\\Users\\Andre\\AppData\\Roaming\\Blender Foundation\\Blender\\5.2\\extensions\\.local\\lib\\python3.13\\site-packages\\asyncstdlib-3.14.0.dist-info\\licenses', PermissionError(13, 'Access is denied'))
Failed to remove: (<built-in function unlink>, 'C:\\Users\\Andre\\AppData\\Roaming\\Blender Foundation\\Blender\\5.2\\extensions\\.local\\lib\\python3.13\\site-packages\\asyncstdlib-3.14.0.dist-info\\METADATA', PermissionError(13, 'Access is denied'))
Failed to remove: (<built-in function unlink>, 'C:\\Users\\Andre\\AppData\\Roaming\\Blender Foundation\\Blender\\5.2\\extensions\\.local\\lib\\python3.13\\site-packages\\asyncstdlib-3.14.0.dist-info\\RECORD', PermissionError(13, 'Access is denied'))
Failed to remove: (<built-in function unlink>, 'C:\\Users\\Andre\\AppData\\Roaming\\Blender Foundation\\Blender\\5.2\\extensions\\.local\\lib\\python3.13\\site-packages\\asyncstdlib-3.14.0.dist-info\\WHEEL', PermissionError(13, 'Access is denied'))
Failed to remove: (<built-in function rmdir>, 'C:\\Users\\Andre\\AppData\\Roaming\\Blender Foundation\\Blender\\5.2\\extensions\\.local\\lib\\python3.13\\site-packages\\asyncstdlib-3.14.0.dist-info', PermissionError(13, 'Access is denied'))
Failed to remove: (<built-in function unlink>, 'C:\\Users\\Andre\\AppData\\Roaming\\Blender Foundation\\Blender\\5.2\\extensions\\.local\\lib\\python3.13\\site-packages\\asyncstdlib\\asynctools.py', PermissionError(13, 'Access is denied'))
Failed to remove: (<built-in function unlink>, 'C:\\Users\\Andre\\AppData\\Roaming\\Blender Foundation\\Blender\\5.2\\extensions\\.local\\lib\\python3.13\\site-packages\\asyncstdlib\\builtins.py', PermissionError(13, 'Access is denied'))
Failed to remove: (<built-in function unlink>, 'C:\\Users\\Andre\\AppData\\Roaming\\Blender Foundation\\Blender\\5.2\\extensions\\.local\\lib\\python3.13\\site-packages\\asyncstdlib\\builtins.pyi', PermissionError(13, 'Access is denied'))
Failed to remove: (<built-in function unlink>, 'C:\\Users\\Andre\\AppData\\Roaming\\Blender Foundation\\Blender\\5.2\\extensions\\.local\\lib\\python3.13\\site-packages\\asyncstdlib\\contextlib.py', PermissionError(13, 'Access is denied'))
Failed to remove: (<built-in function unlink>, 'C:\\Users\\Andre\\AppData\\Roaming\\Blender Foundation\\Blender\\5.2\\extensions\\.local\\lib\\python3.13\\site-packages\\asyncstdlib\\contextlib.pyi', PermissionError(13, 'Access is denied'))
Failed to remove: (<built-in function unlink>, 'C:\\Users\\Andre\\AppData\\Roaming\\Blender Foundation\\Blender\\5.2\\extensions\\.local\\lib\\python3.13\\site-packages\\asyncstdlib\\functools.py', PermissionError(13, 'Access is denied'))
Failed to remove: (<built-in function unlink>, 'C:\\Users\\Andre\\AppData\\Roaming\\Blender Foundation\\Blender\\5.2\\extensions\\.local\\lib\\python3.13\\site-packages\\asyncstdlib\\functools.pyi', PermissionError(13, 'Access is denied'))
Failed to remove: (<built-in function unlink>, 'C:\\Users\\Andre\\AppData\\Roaming\\Blender Foundation\\Blender\\5.2\\extensions\\.local\\lib\\python3.13\\site-packages\\asyncstdlib\\heapq.py', PermissionError(13, 'Access is denied'))
Failed to remove: (<built-in function unlink>, 'C:\\Users\\Andre\\AppData\\Roaming\\Blender Foundation\\Blender\\5.2\\extensions\\.local\\lib\\python3.13\\site-packages\\asyncstdlib\\heapq.pyi', PermissionError(13, 'Access is denied'))
Failed to remove: (<built-in function unlink>, 'C:\\Users\\Andre\\AppData\\Roaming\\Blender Foundation\\Blender\\5.2\\extensions\\.local\\lib\\python3.13\\site-packages\\asyncstdlib\\itertools.py', PermissionError(13, 'Access is denied'))
Failed to remove: (<built-in function unlink>, 'C:\\Users\\Andre\\AppData\\Roaming\\Blender Foundation\\Blender\\5.2\\extensions\\.local\\lib\\python3.13\\site-packages\\asyncstdlib\\itertools.pyi', PermissionError(13, 'Access is denied'))
Failed to remove: (<built-in function unlink>, 'C:\\Users\\Andre\\AppData\\Roaming\\Blender Foundation\\Blender\\5.2\\extensions\\.local\\lib\\python3.13\\site-packages\\asyncstdlib\\py.typed', PermissionError(13, 'Access is denied'))
Failed to remove: (<built-in function unlink>, 'C:\\Users\\Andre\\AppData\\Roaming\\Blender Foundation\\Blender\\5.2\\extensions\\.local\\lib\\python3.13\\site-packages\\asyncstdlib\\_core.py', PermissionError(13, 'Access is denied'))
Failed to remove: (<built-in function unlink>, 'C:\\Users\\Andre\\AppData\\Roaming\\Blender Foundation\\Blender\\5.2\\extensions\\.local\\lib\\python3.13\\site-packages\\asyncstdlib\\_lrucache.py', PermissionError(13, 'Access is denied'))
Failed to remove: (<built-in function unlink>, 'C:\\Users\\Andre\\AppData\\Roaming\\Blender Foundation\\Blender\\5.2\\extensions\\.local\\lib\\python3.13\\site-packages\\asyncstdlib\\_lrucache.pyi', PermissionError(13, 'Access is denied'))
Failed to remove: (<built-in function unlink>, 'C:\\Users\\Andre\\AppData\\Roaming\\Blender Foundation\\Blender\\5.2\\extensions\\.local\\lib\\python3.13\\site-packages\\asyncstdlib\\_typing.py', PermissionError(13, 'Access is denied'))
Failed to remove: (<built-in function unlink>, 'C:\\Users\\Andre\\AppData\\Roaming\\Blender Foundation\\Blender\\5.2\\extensions\\.local\\lib\\python3.13\\site-packages\\asyncstdlib\\_utility.py', PermissionError(13, 'Access is denied'))
Failed to remove: (<built-in function unlink>, 'C:\\Users\\Andre\\AppData\\Roaming\\Blender Foundation\\Blender\\5.2\\extensions\\.local\\lib\\python3.13\\site-packages\\asyncstdlib\\__init__.py', PermissionError(13, 'Access is denied'))
Failed to remove: (<built-in function rmdir>, 'C:\\Users\\Andre\\AppData\\Roaming\\Blender Foundation\\Blender\\5.2\\extensions\\.local\\lib\\python3.13\\site-packages\\asyncstdlib', PermissionError(13, 'Access is denied'))
Failed to remove: (<built-in function unlink>, 'C:\\Users\\Andre\\AppData\\Roaming\\Blender Foundation\\Blender\\5.2\\extensions\\.local\\lib\\python3.13\\site-packages\\certifi-2026.5.20.dist-info\\licenses\\LICENSE', PermissionError(13, 'Access is denied'))
Failed to remove: (<built-in function rmdir>, 'C:\\Users\\Andre\\AppData\\Roaming\\Blender Foundation\\Blender\\5.2\\extensions\\.local\\lib\\python3.13\\site-packages\\certifi-2026.5.20.dist-info\\licenses', PermissionError(13, 'Access is denied'))
Failed to remove: (<built-in function unlink>, 'C:\\Users\\Andre\\AppData\\Roaming\\Blender Foundation\\Blender\\5.2\\extensions\\.local\\lib\\python3.13\\site-packages\\certifi-2026.5.20.dist-info\\METADATA', PermissionError(13, 'Access is denied'))
Failed to remove: (<built-in function unlink>, 'C:\\Users\\Andre\\AppData\\Roaming\\Blender Foundation\\Blender\\5.2\\extensions\\.local\\lib\\python3.13\\site-packages\\certifi-2026.5.20.dist-info\\RECORD', PermissionError(13, 'Access is denied'))
Failed to remove: (<built-in function unlink>, 'C:\\Users\\Andre\\AppData\\Roaming\\Blender Foundation\\Blender\\5.2\\extensions\\.local\\lib\\python3.13\\site-packages\\certifi-2026.5.20.dist-info\\top_level.txt', PermissionError(13, 'Access is denied'))
Failed to remove: (<built-in function unlink>, 'C:\\Users\\Andre\\AppData\\Roaming\\Blender Foundation\\Blender\\5.2\\extensions\\.local\\lib\\python3.13\\site-packages\\certifi-2026.5.20.dist-info\\WHEEL', PermissionError(13, 'Access is denied'))
Failed to remove: (<built-in function rmdir>, 'C:\\Users\\Andre\\AppData\\Roaming\\Blender Foundation\\Blender\\5.2\\extensions\\.local\\lib\\python3.13\\site-packages\\certifi-2026.5.20.dist-info', PermissionError(13, 'Access is denied'))
Failed to remove: (<built-in function unlink>, 'C:\\Users\\Andre\\AppData\\Roaming\\Blender Foundation\\Blender\\5.2\\extensions\\.local\\lib\\python3.13\\site-packages\\certifi\\__pycache__\\core.cpython-313.pyc', PermissionError(13, 'Access is denied'))
Failed to remove: (<built-in function unlink>, 'C:\\Users\\Andre\\AppData\\Roaming\\Blender Foundation\\Blender\\5.2\\extensions\\.local\\lib\\python3.13\\site-packages\\certifi\\__pycache__\\__init__.cpython-313.pyc', PermissionError(13, 'Access is denied'))
Failed to remove: (<built-in function rmdir>, 'C:\\Users\\Andre\\AppData\\Roaming\\Blender Foundation\\Blender\\5.2\\extensions\\.local\\lib\\python3.13\\site-packages\\certifi\\__pycache__', PermissionError(13, 'Access is denied'))
Failed to remove: (<built-in function unlink>, 'C:\\Users\\Andre\\AppData\\Roaming\\Blender Foundation\\Blender\\5.2\\extensions\\.local\\lib\\python3.13\\site-packages\\certifi\\cacert.pem', PermissionError(13, 'Access is denied'))
Failed to remove: (<built-in function unlink>, 'C:\\Users\\Andre\\AppData\\Roaming\\Blender Foundation\\Blender\\5.2\\extensions\\.local\\lib\\python3.13\\site-packages\\certifi\\core.py', PermissionError(13, 'Access is denied'))
Failed to remove: (<built-in function unlink>, 'C:\\Users\\Andre\\AppData\\Roaming\\Blender Foundation\\Blender\\5.2\\extensions\\.local\\lib\\python3.13\\site-packages\\certifi\\py.typed', PermissionError(13, 'Access is denied'))
Failed to remove: (<built-in function unlink>, 'C:\\Users\\Andre\\AppData\\Roaming\\Blender Foundation\\Blender\\5.2\\extensions\\.local\\lib\\python3.13\\site-packages\\certifi\\__init__.py', PermissionError(13, 'Access is denied'))
Failed to remove: (<built-in function unlink>, 'C:\\Users\\Andre\\AppData\\Roaming\\Blender Foundation\\Blender\\5.2\\extensions\\.local\\lib\\python3.13\\site-packages\\certifi\\__main__.py', PermissionError(13, 'Access is denied'))
Failed to remove: (<built-in function rmdir>, 'C:\\Users\\Andre\\AppData\\Roaming\\Blender Foundation\\Blender\\5.2\\extensions\\.local\\lib\\python3.13\\site-packages\\certifi', PermissionError(13, 'Access is denied'))
Failed to remove: (<built-in function unlink>, 'C:\\Users\\Andre\\AppData\\Roaming\\Blender Foundation\\Blender\\5.2\\extensions\\.local\\lib\\python3.13\\site-packages\\fal_client-1.0.0.dist-info\\METADATA', PermissionError(13, 'Access is denied'))
Failed to remove: (<built-in function unlink>, 'C:\\Users\\Andre\\AppData\\Roaming\\Blender Foundation\\Blender\\5.2\\extensions\\.local\\lib\\python3.13\\site-packages\\fal_client-1.0.0.dist-info\\RECORD', PermissionError(13, 'Access is denied'))
Failed to remove: (<built-in function unlink>, 'C:\\Users\\Andre\\AppData\\Roaming\\Blender Foundation\\Blender\\5.2\\extensions\\.local\\lib\\python3.13\\site-packages\\fal_client-1.0.0.dist-info\\top_level.txt', PermissionError(13, 'Access is denied'))
Failed to remove: (<built-in function unlink>, 'C:\\Users\\Andre\\AppData\\Roaming\\Blender Foundation\\Blender\\5.2\\extensions\\.local\\lib\\python3.13\\site-packages\\fal_client-1.0.0.dist-info\\WHEEL', PermissionError(13, 'Access is denied'))
Failed to remove: (<built-in function rmdir>, 'C:\\Users\\Andre\\AppData\\Roaming\\Blender Foundation\\Blender\\5.2\\extensions\\.local\\lib\\python3.13\\site-packages\\fal_client-1.0.0.dist-info', PermissionError(13, 'Access is denied'))
Failed to remove: (<built-in function unlink>, 'C:\\Users\\Andre\\AppData\\Roaming\\Blender Foundation\\Blender\\5.2\\extensions\\.local\\lib\\python3.13\\site-packages\\fal_client\\auth.py', PermissionError(13, 'Access is denied'))
Failed to remove: (<built-in function unlink>, 'C:\\Users\\Andre\\AppData\\Roaming\\Blender Foundation\\Blender\\5.2\\extensions\\.local\\lib\\python3.13\\site-packages\\fal_client\\client.py', PermissionError(13, 'Access is denied'))
Failed to remove: (<built-in function unlink>, 'C:\\Users\\Andre\\AppData\\Roaming\\Blender Foundation\\Blender\\5.2\\extensions\\.local\\lib\\python3.13\\site-packages\\fal_client\\py.typed', PermissionError(13, 'Access is denied'))
Failed to remove: (<built-in function unlink>, 'C:\\Users\\Andre\\AppData\\Roaming\\Blender Foundation\\Blender\\5.2\\extensions\\.local\\lib\\python3.13\\site-packages\\fal_client\\_fal_client_version.py', PermissionError(13, 'Access is denied'))
Failed to remove: (<built-in function unlink>, 'C:\\Users\\Andre\\AppData\\Roaming\\Blender Foundation\\Blender\\5.2\\extensions\\.local\\lib\\python3.13\\site-packages\\fal_client\\_headers.py', PermissionError(13, 'Access is denied'))
Failed to remove: (<built-in function unlink>, 'C:\\Users\\Andre\\AppData\\Roaming\\Blender Foundation\\Blender\\5.2\\extensions\\.local\\lib\\python3.13\\site-packages\\fal_client\\_version.py', PermissionError(13, 'Access is denied'))
Failed to remove: (<built-in function unlink>, 'C:\\Users\\Andre\\AppData\\Roaming\\Blender Foundation\\Blender\\5.2\\extensions\\.local\\lib\\python3.13\\site-packages\\fal_client\\__init__.py', PermissionError(13, 'Access is denied'))
Failed to remove: (<built-in function rmdir>, 'C:\\Users\\Andre\\AppData\\Roaming\\Blender Foundation\\Blender\\5.2\\extensions\\.local\\lib\\python3.13\\site-packages\\fal_client', PermissionError(13, 'Access is denied'))
Failed to remove: (<built-in function unlink>, 'C:\\Users\\Andre\\AppData\\Roaming\\Blender Foundation\\Blender\\5.2\\extensions\\.local\\lib\\python3.13\\site-packages\\h11-0.16.0.dist-info\\licenses\\LICENSE.txt', PermissionError(13, 'Access is denied'))
Failed to remove: (<built-in function rmdir>, 'C:\\Users\\Andre\\AppData\\Roaming\\Blender Foundation\\Blender\\5.2\\extensions\\.local\\lib\\python3.13\\site-packages\\h11-0.16.0.dist-info\\licenses', PermissionError(13, 'Access is denied'))
Failed to remove: (<built-in function unlink>, 'C:\\Users\\Andre\\AppData\\Roaming\\Blender Foundation\\Blender\\5.2\\extensions\\.local\\lib\\python3.13\\site-packages\\h11-0.16.0.dist-info\\METADATA', PermissionError(13, 'Access is denied'))
Failed to remove: (<built-in function unlink>, 'C:\\Users\\Andre\\AppData\\Roaming\\Blender Foundation\\Blender\\5.2\\extensions\\.local\\lib\\python3.13\\site-packages\\h11-0.16.0.dist-info\\RECORD', PermissionError(13, 'Access is denied'))
Failed to remove: (<built-in function unlink>, 'C:\\Users\\Andre\\AppData\\Roaming\\Blender Foundation\\Blender\\5.2\\extensions\\.local\\lib\\python3.13\\site-packages\\h11-0.16.0.dist-info\\top_level.txt', PermissionError(13, 'Access is denied'))
Failed to remove: (<built-in function unlink>, 'C:\\Users\\Andre\\AppData\\Roaming\\Blender Foundation\\Blender\\5.2\\extensions\\.local\\lib\\python3.13\\site-packages\\h11-0.16.0.dist-info\\WHEEL', PermissionError(13, 'Access is denied'))
Failed to remove: (<built-in function rmdir>, 'C:\\Users\\Andre\\AppData\\Roaming\\Blender Foundation\\Blender\\5.2\\extensions\\.local\\lib\\python3.13\\site-packages\\h11-0.16.0.dist-info', PermissionError(13, 'Access is denied'))
Failed to remove: (<built-in function unlink>, 'C:\\Users\\Andre\\AppData\\Roaming\\Blender Foundation\\Blender\\5.2\\extensions\\.local\\lib\\python3.13\\site-packages\\h11\\py.typed', PermissionError(13, 'Access is denied'))
Failed to remove: (<built-in function unlink>, 'C:\\Users\\Andre\\AppData\\Roaming\\Blender Foundation\\Blender\\5.2\\extensions\\.local\\lib\\python3.13\\site-packages\\h11\\_abnf.py', PermissionError(13, 'Access is denied'))
Failed to remove: (<built-in function unlink>, 'C:\\Users\\Andre\\AppData\\Roaming\\Blender Foundation\\Blender\\5.2\\extensions\\.local\\lib\\python3.13\\site-packages\\h11\\_connection.py', PermissionError(13, 'Access is denied'))
Failed to remove: (<built-in function unlink>, 'C:\\Users\\Andre\\AppData\\Roaming\\Blender Foundation\\Blender\\5.2\\extensions\\.local\\lib\\python3.13\\site-packages\\h11\\_events.py', PermissionError(13, 'Access is denied'))
Failed to remove: (<built-in function unlink>, 'C:\\Users\\Andre\\AppData\\Roaming\\Blender Foundation\\Blender\\5.2\\extensions\\.local\\lib\\python3.13\\site-packages\\h11\\_headers.py', PermissionError(13, 'Access is denied'))
Failed to remove: (<built-in function unlink>, 'C:\\Users\\Andre\\AppData\\Roaming\\Blender Foundation\\Blender\\5.2\\extensions\\.local\\lib\\python3.13\\site-packages\\h11\\_readers.py', PermissionError(13, 'Access is denied'))
Failed to remove: (<built-in function unlink>, 'C:\\Users\\Andre\\AppData\\Roaming\\Blender Foundation\\Blender\\5.2\\extensions\\.local\\lib\\python3.13\\site-packages\\h11\\_receivebuffer.py', PermissionError(13, 'Access is denied'))
Failed to remove: (<built-in function unlink>, 'C:\\Users\\Andre\\AppData\\Roaming\\Blender Foundation\\Blender\\5.2\\extensions\\.local\\lib\\python3.13\\site-packages\\h11\\_state.py', PermissionError(13, 'Access is denied'))
Failed to remove: (<built-in function unlink>, 'C:\\Users\\Andre\\AppData\\Roaming\\Blender Foundation\\Blender\\5.2\\extensions\\.local\\lib\\python3.13\\site-packages\\h11\\_util.py', PermissionError(13, 'Access is denied'))
Failed to remove: (<built-in function unlink>, 'C:\\Users\\Andre\\AppData\\Roaming\\Blender Foundation\\Blender\\5.2\\extensions\\.local\\lib\\python3.13\\site-packages\\h11\\_version.py', PermissionError(13, 'Access is denied'))
Failed to remove: (<built-in function unlink>, 'C:\\Users\\Andre\\AppData\\Roaming\\Blender Foundation\\Blender\\5.2\\extensions\\.local\\lib\\python3.13\\site-packages\\h11\\_writers.py', PermissionError(13, 'Access is denied'))
Failed to remove: (<built-in function unlink>, 'C:\\Users\\Andre\\AppData\\Roaming\\Blender Foundation\\Blender\\5.2\\extensions\\.local\\lib\\python3.13\\site-packages\\h11\\__init__.py', PermissionError(13, 'Access is denied'))
Failed to remove: (<built-in function rmdir>, 'C:\\Users\\Andre\\AppData\\Roaming\\Blender Foundation\\Blender\\5.2\\extensions\\.local\\lib\\python3.13\\site-packages\\h11', PermissionError(13, 'Access is denied'))
Failed to remove: (<built-in function unlink>, 'C:\\Users\\Andre\\AppData\\Roaming\\Blender Foundation\\Blender\\5.2\\extensions\\.local\\lib\\python3.13\\site-packages\\httpcore-1.0.9.dist-info\\licenses\\LICENSE.md', PermissionError(13, 'Access is denied'))
Failed to remove: (<built-in function rmdir>, 'C:\\Users\\Andre\\AppData\\Roaming\\Blender Foundation\\Blender\\5.2\\extensions\\.local\\lib\\python3.13\\site-packages\\httpcore-1.0.9.dist-info\\licenses', PermissionError(13, 'Access is denied'))
Failed to remove: (<built-in function unlink>, 'C:\\Users\\Andre\\AppData\\Roaming\\Blender Foundation\\Blender\\5.2\\extensions\\.local\\lib\\python3.13\\site-packages\\httpcore-1.0.9.dist-info\\METADATA', PermissionError(13, 'Access is denied'))
Failed to remove: (<built-in function unlink>, 'C:\\Users\\Andre\\AppData\\Roaming\\Blender Foundation\\Blender\\5.2\\extensions\\.local\\lib\\python3.13\\site-packages\\httpcore-1.0.9.dist-info\\RECORD', PermissionError(13, 'Access is denied'))
Failed to remove: (<built-in function unlink>, 'C:\\Users\\Andre\\AppData\\Roaming\\Blender Foundation\\Blender\\5.2\\extensions\\.local\\lib\\python3.13\\site-packages\\httpcore-1.0.9.dist-info\\WHEEL', PermissionError(13, 'Access is denied'))
Failed to remove: (<built-in function rmdir>, 'C:\\Users\\Andre\\AppData\\Roaming\\Blender Foundation\\Blender\\5.2\\extensions\\.local\\lib\\python3.13\\site-packages\\httpcore-1.0.9.dist-info', PermissionError(13, 'Access is denied'))
Failed to remove: (<built-in function unlink>, 'C:\\Users\\Andre\\AppData\\Roaming\\Blender Foundation\\Blender\\5.2\\extensions\\.local\\lib\\python3.13\\site-packages\\httpcore\\_async\\connection.py', PermissionError(13, 'Access is denied'))
Failed to remove: (<built-in function unlink>, 'C:\\Users\\Andre\\AppData\\Roaming\\Blender Foundation\\Blender\\5.2\\extensions\\.local\\lib\\python3.13\\site-packages\\httpcore\\_async\\connection_pool.py', PermissionError(13, 'Access is denied'))
Failed to remove: (<built-in function unlink>, 'C:\\Users\\Andre\\AppData\\Roaming\\Blender Foundation\\Blender\\5.2\\extensions\\.local\\lib\\python3.13\\site-packages\\httpcore\\_async\\http11.py', PermissionError(13, 'Access is denied'))
Failed to remove: (<built-in function unlink>, 'C:\\Users\\Andre\\AppData\\Roaming\\Blender Foundation\\Blender\\5.2\\extensions\\.local\\lib\\python3.13\\site-packages\\httpcore\\_async\\http2.py', PermissionError(13, 'Access is denied'))
Failed to remove: (<built-in function unlink>, 'C:\\Users\\Andre\\AppData\\Roaming\\Blender Foundation\\Blender\\5.2\\extensions\\.local\\lib\\python3.13\\site-packages\\httpcore\\_async\\http_proxy.py', PermissionError(13, 'Access is denied'))
Failed to remove: (<built-in function unlink>, 'C:\\Users\\Andre\\AppData\\Roaming\\Blender Foundation\\Blender\\5.2\\extensions\\.local\\lib\\python3.13\\site-packages\\httpcore\\_async\\interfaces.py', PermissionError(13, 'Access is denied'))
Failed to remove: (<built-in function unlink>, 'C:\\Users\\Andre\\AppData\\Roaming\\Blender Foundation\\Blender\\5.2\\extensions\\.local\\lib\\python3.13\\site-packages\\httpcore\\_async\\socks_proxy.py', PermissionError(13, 'Access is denied'))
Failed to remove: (<built-in function unlink>, 'C:\\Users\\Andre\\AppData\\Roaming\\Blender Foundation\\Blender\\5.2\\extensions\\.local\\lib\\python3.13\\site-packages\\httpcore\\_async\\__init__.py', PermissionError(13, 'Access is denied'))
Failed to remove: (<built-in function unlink>, 'C:\\Users\\Andre\\AppData\\Roaming\\Blender Foundation\\Blender\\5.2\\extensions\\.local\\lib\\python3.13\\site-packages\\httpcore\\_backends\\anyio.py', PermissionError(13, 'Access is denied'))
Failed to remove: (<built-in function unlink>, 'C:\\Users\\Andre\\AppData\\Roaming\\Blender Foundation\\Blender\\5.2\\extensions\\.local\\lib\\python3.13\\site-packages\\httpcore\\_backends\\auto.py', PermissionError(13, 'Access is denied'))
Failed to remove: (<built-in function unlink>, 'C:\\Users\\Andre\\AppData\\Roaming\\Blender Foundation\\Blender\\5.2\\extensions\\.local\\lib\\python3.13\\site-packages\\httpcore\\_backends\\base.py', PermissionError(13, 'Access is denied'))
Failed to remove: (<built-in function unlink>, 'C:\\Users\\Andre\\AppData\\Roaming\\Blender Foundation\\Blender\\5.2\\extensions\\.local\\lib\\python3.13\\site-packages\\httpcore\\_backends\\mock.py', PermissionError(13, 'Access is denied'))
Failed to remove: (<built-in function unlink>, 'C:\\Users\\Andre\\AppData\\Roaming\\Blender Foundation\\Blender\\5.2\\extensions\\.local\\lib\\python3.13\\site-packages\\httpcore\\_backends\\sync.py', PermissionError(13, 'Access is denied'))
Failed to remove: (<built-in function unlink>, 'C:\\Users\\Andre\\AppData\\Roaming\\Blender Foundation\\Blender\\5.2\\extensions\\.local\\lib\\python3.13\\site-packages\\httpcore\\_backends\\trio.py', PermissionError(13, 'Access is denied'))
Failed to remove: (<built-in function unlink>, 'C:\\Users\\Andre\\AppData\\Roaming\\Blender Foundation\\Blender\\5.2\\extensions\\.local\\lib\\python3.13\\site-packages\\httpcore\\_backends\\__init__.py', PermissionError(13, 'Access is denied'))
Failed to remove: (<built-in function unlink>, 'C:\\Users\\Andre\\AppData\\Roaming\\Blender Foundation\\Blender\\5.2\\extensions\\.local\\lib\\python3.13\\site-packages\\httpcore\\_sync\\connection.py', PermissionError(13, 'Access is denied'))
Failed to remove: (<built-in function unlink>, 'C:\\Users\\Andre\\AppData\\Roaming\\Blender Foundation\\Blender\\5.2\\extensions\\.local\\lib\\python3.13\\site-packages\\httpcore\\_sync\\connection_pool.py', PermissionError(13, 'Access is denied'))
Failed to remove: (<built-in function unlink>, 'C:\\Users\\Andre\\AppData\\Roaming\\Blender Foundation\\Blender\\5.2\\extensions\\.local\\lib\\python3.13\\site-packages\\httpcore\\_sync\\http11.py', PermissionError(13, 'Access is denied'))
Failed to remove: (<built-in function unlink>, 'C:\\Users\\Andre\\AppData\\Roaming\\Blender Foundation\\Blender\\5.2\\extensions\\.local\\lib\\python3.13\\site-packages\\httpcore\\_sync\\http2.py', PermissionError(13, 'Access is denied'))
Failed to remove: (<built-in function unlink>, 'C:\\Users\\Andre\\AppData\\Roaming\\Blender Foundation\\Blender\\5.2\\extensions\\.local\\lib\\python3.13\\site-packages\\httpcore\\_sync\\http_proxy.py', PermissionError(13, 'Access is denied'))
Failed to remove: (<built-in function unlink>, 'C:\\Users\\Andre\\AppData\\Roaming\\Blender Foundation\\Blender\\5.2\\extensions\\.local\\lib\\python3.13\\site-packages\\httpcore\\_sync\\interfaces.py', PermissionError(13, 'Access is denied'))
Failed to remove: (<built-in function unlink>, 'C:\\Users\\Andre\\AppData\\Roaming\\Blender Foundation\\Blender\\5.2\\extensions\\.local\\lib\\python3.13\\site-packages\\httpcore\\_sync\\socks_proxy.py', PermissionError(13, 'Access is denied'))
Failed to remove: (<built-in function unlink>, 'C:\\Users\\Andre\\AppData\\Roaming\\Blender Foundation\\Blender\\5.2\\extensions\\.local\\lib\\python3.13\\site-packages\\httpcore\\_sync\\__init__.py', PermissionError(13, 'Access is denied'))
Failed to remove: (<built-in function rmdir>, 'C:\\Users\\Andre\\AppData\\Roaming\\Blender Foundation\\Blender\\5.2\\extensions\\.local\\lib\\python3.13\\site-packages\\httpcore\\_async', PermissionError(13, 'Access is denied'))
Failed to remove: (<built-in function rmdir>, 'C:\\Users\\Andre\\AppData\\Roaming\\Blender Foundation\\Blender\\5.2\\extensions\\.local\\lib\\python3.13\\site-packages\\httpcore\\_backends', PermissionError(13, 'Access is denied'))
Failed to remove: (<built-in function rmdir>, 'C:\\Users\\Andre\\AppData\\Roaming\\Blender Foundation\\Blender\\5.2\\extensions\\.local\\lib\\python3.13\\site-packages\\httpcore\\_sync', PermissionError(13, 'Access is denied'))
Failed to remove: (<built-in function unlink>, 'C:\\Users\\Andre\\AppData\\Roaming\\Blender Foundation\\Blender\\5.2\\extensions\\.local\\lib\\python3.13\\site-packages\\httpcore\\py.typed', PermissionError(13, 'Access is denied'))
Failed to remove: (<built-in function unlink>, 'C:\\Users\\Andre\\AppData\\Roaming\\Blender Foundation\\Blender\\5.2\\extensions\\.local\\lib\\python3.13\\site-packages\\httpcore\\_api.py', PermissionError(13, 'Access is denied'))
Failed to remove: (<built-in function unlink>, 'C:\\Users\\Andre\\AppData\\Roaming\\Blender Foundation\\Blender\\5.2\\extensions\\.local\\lib\\python3.13\\site-packages\\httpcore\\_exceptions.py', PermissionError(13, 'Access is denied'))
Failed to remove: (<built-in function unlink>, 'C:\\Users\\Andre\\AppData\\Roaming\\Blender Foundation\\Blender\\5.2\\extensions\\.local\\lib\\python3.13\\site-packages\\httpcore\\_models.py', PermissionError(13, 'Access is denied'))
Failed to remove: (<built-in function unlink>, 'C:\\Users\\Andre\\AppData\\Roaming\\Blender Foundation\\Blender\\5.2\\extensions\\.local\\lib\\python3.13\\site-packages\\httpcore\\_ssl.py', PermissionError(13, 'Access is denied'))
Failed to remove: (<built-in function unlink>, 'C:\\Users\\Andre\\AppData\\Roaming\\Blender Foundation\\Blender\\5.2\\extensions\\.local\\lib\\python3.13\\site-packages\\httpcore\\_synchronization.py', PermissionError(13, 'Access is denied'))
Failed to remove: (<built-in function unlink>, 'C:\\Users\\Andre\\AppData\\Roaming\\Blender Foundation\\Blender\\5.2\\extensions\\.local\\lib\\python3.13\\site-packages\\httpcore\\_trace.py', PermissionError(13, 'Access is denied'))
Failed to remove: (<built-in function unlink>, 'C:\\Users\\Andre\\AppData\\Roaming\\Blender Foundation\\Blender\\5.2\\extensions\\.local\\lib\\python3.13\\site-packages\\httpcore\\_utils.py', PermissionError(13, 'Access is denied'))
Failed to remove: (<built-in function unlink>, 'C:\\Users\\Andre\\AppData\\Roaming\\Blender Foundation\\Blender\\5.2\\extensions\\.local\\lib\\python3.13\\site-packages\\httpcore\\__init__.py', PermissionError(13, 'Access is denied'))
Failed to remove: (<built-in function rmdir>, 'C:\\Users\\Andre\\AppData\\Roaming\\Blender Foundation\\Blender\\5.2\\extensions\\.local\\lib\\python3.13\\site-packages\\httpcore', PermissionError(13, 'Access is denied'))
Failed to remove: (<built-in function unlink>, 'C:\\Users\\Andre\\AppData\\Roaming\\Blender Foundation\\Blender\\5.2\\extensions\\.local\\lib\\python3.13\\site-packages\\httpx-0.28.1.dist-info\\licenses\\LICENSE.md', PermissionError(13, 'Access is denied'))
Failed to remove: (<built-in function rmdir>, 'C:\\Users\\Andre\\AppData\\Roaming\\Blender Foundation\\Blender\\5.2\\extensions\\.local\\lib\\python3.13\\site-packages\\httpx-0.28.1.dist-info\\licenses', PermissionError(13, 'Access is denied'))
Failed to remove: (<built-in function unlink>, 'C:\\Users\\Andre\\AppData\\Roaming\\Blender Foundation\\Blender\\5.2\\extensions\\.local\\lib\\python3.13\\site-packages\\httpx-0.28.1.dist-info\\entry_points.txt', PermissionError(13, 'Access is denied'))
Failed to remove: (<built-in function unlink>, 'C:\\Users\\Andre\\AppData\\Roaming\\Blender Foundation\\Blender\\5.2\\extensions\\.local\\lib\\python3.13\\site-packages\\httpx-0.28.1.dist-info\\METADATA', PermissionError(13, 'Access is denied'))
Failed to remove: (<built-in function unlink>, 'C:\\Users\\Andre\\AppData\\Roaming\\Blender Foundation\\Blender\\5.2\\extensions\\.local\\lib\\python3.13\\site-packages\\httpx-0.28.1.dist-info\\RECORD', PermissionError(13, 'Access is denied'))
Failed to remove: (<built-in function unlink>, 'C:\\Users\\Andre\\AppData\\Roaming\\Blender Foundation\\Blender\\5.2\\extensions\\.local\\lib\\python3.13\\site-packages\\httpx-0.28.1.dist-info\\WHEEL', PermissionError(13, 'Access is denied'))
Failed to remove: (<built-in function rmdir>, 'C:\\Users\\Andre\\AppData\\Roaming\\Blender Foundation\\Blender\\5.2\\extensions\\.local\\lib\\python3.13\\site-packages\\httpx-0.28.1.dist-info', PermissionError(13, 'Access is denied'))
Failed to remove: (<built-in function unlink>, 'C:\\Users\\Andre\\AppData\\Roaming\\Blender Foundation\\Blender\\5.2\\extensions\\.local\\lib\\python3.13\\site-packages\\httpx\\_transports\\asgi.py', PermissionError(13, 'Access is denied'))
Failed to remove: (<built-in function unlink>, 'C:\\Users\\Andre\\AppData\\Roaming\\Blender Foundation\\Blender\\5.2\\extensions\\.local\\lib\\python3.13\\site-packages\\httpx\\_transports\\base.py', PermissionError(13, 'Access is denied'))
Failed to remove: (<built-in function unlink>, 'C:\\Users\\Andre\\AppData\\Roaming\\Blender Foundation\\Blender\\5.2\\extensions\\.local\\lib\\python3.13\\site-packages\\httpx\\_transports\\default.py', PermissionError(13, 'Access is denied'))
Failed to remove: (<built-in function unlink>, 'C:\\Users\\Andre\\AppData\\Roaming\\Blender Foundation\\Blender\\5.2\\extensions\\.local\\lib\\python3.13\\site-packages\\httpx\\_transports\\mock.py', PermissionError(13, 'Access is denied'))
Failed to remove: (<built-in function unlink>, 'C:\\Users\\Andre\\AppData\\Roaming\\Blender Foundation\\Blender\\5.2\\extensions\\.local\\lib\\python3.13\\site-packages\\httpx\\_transports\\wsgi.py', PermissionError(13, 'Access is denied'))
Failed to remove: (<built-in function unlink>, 'C:\\Users\\Andre\\AppData\\Roaming\\Blender Foundation\\Blender\\5.2\\extensions\\.local\\lib\\python3.13\\site-packages\\httpx\\_transports\\__init__.py', PermissionError(13, 'Access is denied'))
Failed to remove: (<built-in function rmdir>, 'C:\\Users\\Andre\\AppData\\Roaming\\Blender Foundation\\Blender\\5.2\\extensions\\.local\\lib\\python3.13\\site-packages\\httpx\\_transports', PermissionError(13, 'Access is denied'))
Failed to remove: (<built-in function unlink>, 'C:\\Users\\Andre\\AppData\\Roaming\\Blender Foundation\\Blender\\5.2\\extensions\\.local\\lib\\python3.13\\site-packages\\httpx\\py.typed', PermissionError(13, 'Access is denied'))
Failed to remove: (<built-in function unlink>, 'C:\\Users\\Andre\\AppData\\Roaming\\Blender Foundation\\Blender\\5.2\\extensions\\.local\\lib\\python3.13\\site-packages\\httpx\\_api.py', PermissionError(13, 'Access is denied'))
Failed to remove: (<built-in function unlink>, 'C:\\Users\\Andre\\AppData\\Roaming\\Blender Foundation\\Blender\\5.2\\extensions\\.local\\lib\\python3.13\\site-packages\\httpx\\_auth.py', PermissionError(13, 'Access is denied'))
Failed to remove: (<built-in function unlink>, 'C:\\Users\\Andre\\AppData\\Roaming\\Blender Foundation\\Blender\\5.2\\extensions\\.local\\lib\\python3.13\\site-packages\\httpx\\_client.py', PermissionError(13, 'Access is denied'))
Failed to remove: (<built-in function unlink>, 'C:\\Users\\Andre\\AppData\\Roaming\\Blender Foundation\\Blender\\5.2\\extensions\\.local\\lib\\python3.13\\site-packages\\httpx\\_config.py', PermissionError(13, 'Access is denied'))
Failed to remove: (<built-in function unlink>, 'C:\\Users\\Andre\\AppData\\Roaming\\Blender Foundation\\Blender\\5.2\\extensions\\.local\\lib\\python3.13\\site-packages\\httpx\\_content.py', PermissionError(13, 'Access is denied'))
Failed to remove: (<built-in function unlink>, 'C:\\Users\\Andre\\AppData\\Roaming\\Blender Foundation\\Blender\\5.2\\extensions\\.local\\lib\\python3.13\\site-packages\\httpx\\_decoders.py', PermissionError(13, 'Access is denied'))
Failed to remove: (<built-in function unlink>, 'C:\\Users\\Andre\\AppData\\Roaming\\Blender Foundation\\Blender\\5.2\\extensions\\.local\\lib\\python3.13\\site-packages\\httpx\\_exceptions.py', PermissionError(13, 'Access is denied'))
Failed to remove: (<built-in function unlink>, 'C:\\Users\\Andre\\AppData\\Roaming\\Blender Foundation\\Blender\\5.2\\extensions\\.local\\lib\\python3.13\\site-packages\\httpx\\_main.py', PermissionError(13, 'Access is denied'))
Failed to remove: (<built-in function unlink>, 'C:\\Users\\Andre\\AppData\\Roaming\\Blender Foundation\\Blender\\5.2\\extensions\\.local\\lib\\python3.13\\site-packages\\httpx\\_models.py', PermissionError(13, 'Access is denied'))
Failed to remove: (<built-in function unlink>, 'C:\\Users\\Andre\\AppData\\Roaming\\Blender Foundation\\Blender\\5.2\\extensions\\.local\\lib\\python3.13\\site-packages\\httpx\\_multipart.py', PermissionError(13, 'Access is denied'))
Failed to remove: (<built-in function unlink>, 'C:\\Users\\Andre\\AppData\\Roaming\\Blender Foundation\\Blender\\5.2\\extensions\\.local\\lib\\python3.13\\site-packages\\httpx\\_status_codes.py', PermissionError(13, 'Access is denied'))
Failed to remove: (<built-in function unlink>, 'C:\\Users\\Andre\\AppData\\Roaming\\Blender Foundation\\Blender\\5.2\\extensions\\.local\\lib\\python3.13\\site-packages\\httpx\\_types.py', PermissionError(13, 'Access is denied'))
Failed to remove: (<built-in function unlink>, 'C:\\Users\\Andre\\AppData\\Roaming\\Blender Foundation\\Blender\\5.2\\extensions\\.local\\lib\\python3.13\\site-packages\\httpx\\_urlparse.py', PermissionError(13, 'Access is denied'))
Failed to remove: (<built-in function unlink>, 'C:\\Users\\Andre\\AppData\\Roaming\\Blender Foundation\\Blender\\5.2\\extensions\\.local\\lib\\python3.13\\site-packages\\httpx\\_urls.py', PermissionError(13, 'Access is denied'))
Failed to remove: (<built-in function unlink>, 'C:\\Users\\Andre\\AppData\\Roaming\\Blender Foundation\\Blender\\5.2\\extensions\\.local\\lib\\python3.13\\site-packages\\httpx\\_utils.py', PermissionError(13, 'Access is denied'))
Failed to remove: (<built-in function unlink>, 'C:\\Users\\Andre\\AppData\\Roaming\\Blender Foundation\\Blender\\5.2\\extensions\\.local\\lib\\python3.13\\site-packages\\httpx\\__init__.py', PermissionError(13, 'Access is denied'))
Failed to remove: (<built-in function unlink>, 'C:\\Users\\Andre\\AppData\\Roaming\\Blender Foundation\\Blender\\5.2\\extensions\\.local\\lib\\python3.13\\site-packages\\httpx\\__version__.py', PermissionError(13, 'Access is denied'))
Failed to remove: (<built-in function rmdir>, 'C:\\Users\\Andre\\AppData\\Roaming\\Blender Foundation\\Blender\\5.2\\extensions\\.local\\lib\\python3.13\\site-packages\\httpx', PermissionError(13, 'Access is denied'))
Failed to remove: (<built-in function unlink>, 'C:\\Users\\Andre\\AppData\\Roaming\\Blender Foundation\\Blender\\5.2\\extensions\\.local\\lib\\python3.13\\site-packages\\httpx_sse-0.4.3.dist-info\\licenses\\LICENSE', PermissionError(13, 'Access is denied'))
Failed to remove: (<built-in function rmdir>, 'C:\\Users\\Andre\\AppData\\Roaming\\Blender Foundation\\Blender\\5.2\\extensions\\.local\\lib\\python3.13\\site-packages\\httpx_sse-0.4.3.dist-info\\licenses', PermissionError(13, 'Access is denied'))
Failed to remove: (<built-in function unlink>, 'C:\\Users\\Andre\\AppData\\Roaming\\Blender Foundation\\Blender\\5.2\\extensions\\.local\\lib\\python3.13\\site-packages\\httpx_sse-0.4.3.dist-info\\METADATA', PermissionError(13, 'Access is denied'))
Failed to remove: (<built-in function unlink>, 'C:\\Users\\Andre\\AppData\\Roaming\\Blender Foundation\\Blender\\5.2\\extensions\\.local\\lib\\python3.13\\site-packages\\httpx_sse-0.4.3.dist-info\\RECORD', PermissionError(13, 'Access is denied'))
Failed to remove: (<built-in function unlink>, 'C:\\Users\\Andre\\AppData\\Roaming\\Blender Foundation\\Blender\\5.2\\extensions\\.local\\lib\\python3.13\\site-packages\\httpx_sse-0.4.3.dist-info\\top_level.txt', PermissionError(13, 'Access is denied'))
Failed to remove: (<built-in function unlink>, 'C:\\Users\\Andre\\AppData\\Roaming\\Blender Foundation\\Blender\\5.2\\extensions\\.local\\lib\\python3.13\\site-packages\\httpx_sse-0.4.3.dist-info\\WHEEL', PermissionError(13, 'Access is denied'))
Failed to remove: (<built-in function rmdir>, 'C:\\Users\\Andre\\AppData\\Roaming\\Blender Foundation\\Blender\\5.2\\extensions\\.local\\lib\\python3.13\\site-packages\\httpx_sse-0.4.3.dist-info', PermissionError(13, 'Access is denied'))
Failed to remove: (<built-in function unlink>, 'C:\\Users\\Andre\\AppData\\Roaming\\Blender Foundation\\Blender\\5.2\\extensions\\.local\\lib\\python3.13\\site-packages\\httpx_sse\\py.typed', PermissionError(13, 'Access is denied'))
Failed to remove: (<built-in function unlink>, 'C:\\Users\\Andre\\AppData\\Roaming\\Blender Foundation\\Blender\\5.2\\extensions\\.local\\lib\\python3.13\\site-packages\\httpx_sse\\_api.py', PermissionError(13, 'Access is denied'))
Failed to remove: (<built-in function unlink>, 'C:\\Users\\Andre\\AppData\\Roaming\\Blender Foundation\\Blender\\5.2\\extensions\\.local\\lib\\python3.13\\site-packages\\httpx_sse\\_decoders.py', PermissionError(13, 'Access is denied'))
Failed to remove: (<built-in function unlink>, 'C:\\Users\\Andre\\AppData\\Roaming\\Blender Foundation\\Blender\\5.2\\extensions\\.local\\lib\\python3.13\\site-packages\\httpx_sse\\_exceptions.py', PermissionError(13, 'Access is denied'))
Failed to remove: (<built-in function unlink>, 'C:\\Users\\Andre\\AppData\\Roaming\\Blender Foundation\\Blender\\5.2\\extensions\\.local\\lib\\python3.13\\site-packages\\httpx_sse\\_models.py', PermissionError(13, 'Access is denied'))
Failed to remove: (<built-in function unlink>, 'C:\\Users\\Andre\\AppData\\Roaming\\Blender Foundation\\Blender\\5.2\\extensions\\.local\\lib\\python3.13\\site-packages\\httpx_sse\\__init__.py', PermissionError(13, 'Access is denied'))
Failed to remove: (<built-in function rmdir>, 'C:\\Users\\Andre\\AppData\\Roaming\\Blender Foundation\\Blender\\5.2\\extensions\\.local\\lib\\python3.13\\site-packages\\httpx_sse', PermissionError(13, 'Access is denied'))
Failed to remove: (<built-in function unlink>, 'C:\\Users\\Andre\\AppData\\Roaming\\Blender Foundation\\Blender\\5.2\\extensions\\.local\\lib\\python3.13\\site-packages\\idna-3.18.dist-info\\licenses\\LICENSE.md', PermissionError(13, 'Access is denied'))
Failed to remove: (<built-in function rmdir>, 'C:\\Users\\Andre\\AppData\\Roaming\\Blender Foundation\\Blender\\5.2\\extensions\\.local\\lib\\python3.13\\site-packages\\idna-3.18.dist-info\\licenses', PermissionError(13, 'Access is denied'))
Failed to remove: (<built-in function unlink>, 'C:\\Users\\Andre\\AppData\\Roaming\\Blender Foundation\\Blender\\5.2\\extensions\\.local\\lib\\python3.13\\site-packages\\idna-3.18.dist-info\\entry_points.txt', PermissionError(13, 'Access is denied'))
Failed to remove: (<built-in function unlink>, 'C:\\Users\\Andre\\AppData\\Roaming\\Blender Foundation\\Blender\\5.2\\extensions\\.local\\lib\\python3.13\\site-packages\\idna-3.18.dist-info\\METADATA', PermissionError(13, 'Access is denied'))
Failed to remove: (<built-in function unlink>, 'C:\\Users\\Andre\\AppData\\Roaming\\Blender Foundation\\Blender\\5.2\\extensions\\.local\\lib\\python3.13\\site-packages\\idna-3.18.dist-info\\RECORD', PermissionError(13, 'Access is denied'))
Failed to remove: (<built-in function unlink>, 'C:\\Users\\Andre\\AppData\\Roaming\\Blender Foundation\\Blender\\5.2\\extensions\\.local\\lib\\python3.13\\site-packages\\idna-3.18.dist-info\\WHEEL', PermissionError(13, 'Access is denied'))
Failed to remove: (<built-in function rmdir>, 'C:\\Users\\Andre\\AppData\\Roaming\\Blender Foundation\\Blender\\5.2\\extensions\\.local\\lib\\python3.13\\site-packages\\idna-3.18.dist-info', PermissionError(13, 'Access is denied'))
Failed to remove: (<built-in function unlink>, 'C:\\Users\\Andre\\AppData\\Roaming\\Blender Foundation\\Blender\\5.2\\extensions\\.local\\lib\\python3.13\\site-packages\\idna\\__pycache__\\core.cpython-313.pyc', PermissionError(13, 'Access is denied'))
Failed to remove: (<built-in function unlink>, 'C:\\Users\\Andre\\AppData\\Roaming\\Blender Foundation\\Blender\\5.2\\extensions\\.local\\lib\\python3.13\\site-packages\\idna\\__pycache__\\idnadata.cpython-313.pyc', PermissionError(13, 'Access is denied'))
Failed to remove: (<built-in function unlink>, 'C:\\Users\\Andre\\AppData\\Roaming\\Blender Foundation\\Blender\\5.2\\extensions\\.local\\lib\\python3.13\\site-packages\\idna\\__pycache__\\intranges.cpython-313.pyc', PermissionError(13, 'Access is denied'))
Failed to remove: (<built-in function unlink>, 'C:\\Users\\Andre\\AppData\\Roaming\\Blender Foundation\\Blender\\5.2\\extensions\\.local\\lib\\python3.13\\site-packages\\idna\\__pycache__\\package_data.cpython-313.pyc', PermissionError(13, 'Access is denied'))
Failed to remove: (<built-in function unlink>, 'C:\\Users\\Andre\\AppData\\Roaming\\Blender Foundation\\Blender\\5.2\\extensions\\.local\\lib\\python3.13\\site-packages\\idna\\__pycache__\\__init__.cpython-313.pyc', PermissionError(13, 'Access is denied'))
Failed to remove: (<built-in function rmdir>, 'C:\\Users\\Andre\\AppData\\Roaming\\Blender Foundation\\Blender\\5.2\\extensions\\.local\\lib\\python3.13\\site-packages\\idna\\__pycache__', PermissionError(13, 'Access is denied'))
Failed to remove: (<built-in function unlink>, 'C:\\Users\\Andre\\AppData\\Roaming\\Blender Foundation\\Blender\\5.2\\extensions\\.local\\lib\\python3.13\\site-packages\\idna\\cli.py', PermissionError(13, 'Access is denied'))
Failed to remove: (<built-in function unlink>, 'C:\\Users\\Andre\\AppData\\Roaming\\Blender Foundation\\Blender\\5.2\\extensions\\.local\\lib\\python3.13\\site-packages\\idna\\codec.py', PermissionError(13, 'Access is denied'))
Failed to remove: (<built-in function unlink>, 'C:\\Users\\Andre\\AppData\\Roaming\\Blender Foundation\\Blender\\5.2\\extensions\\.local\\lib\\python3.13\\site-packages\\idna\\compat.py', PermissionError(13, 'Access is denied'))
Failed to remove: (<built-in function unlink>, 'C:\\Users\\Andre\\AppData\\Roaming\\Blender Foundation\\Blender\\5.2\\extensions\\.local\\lib\\python3.13\\site-packages\\idna\\core.py', PermissionError(13, 'Access is denied'))
Failed to remove: (<built-in function unlink>, 'C:\\Users\\Andre\\AppData\\Roaming\\Blender Foundation\\Blender\\5.2\\extensions\\.local\\lib\\python3.13\\site-packages\\idna\\idnadata.py', PermissionError(13, 'Access is denied'))
Failed to remove: (<built-in function unlink>, 'C:\\Users\\Andre\\AppData\\Roaming\\Blender Foundation\\Blender\\5.2\\extensions\\.local\\lib\\python3.13\\site-packages\\idna\\intranges.py', PermissionError(13, 'Access is denied'))
Failed to remove: (<built-in function unlink>, 'C:\\Users\\Andre\\AppData\\Roaming\\Blender Foundation\\Blender\\5.2\\extensions\\.local\\lib\\python3.13\\site-packages\\idna\\package_data.py', PermissionError(13, 'Access is denied'))
Failed to remove: (<built-in function unlink>, 'C:\\Users\\Andre\\AppData\\Roaming\\Blender Foundation\\Blender\\5.2\\extensions\\.local\\lib\\python3.13\\site-packages\\idna\\py.typed', PermissionError(13, 'Access is denied'))
Failed to remove: (<built-in function unlink>, 'C:\\Users\\Andre\\AppData\\Roaming\\Blender Foundation\\Blender\\5.2\\extensions\\.local\\lib\\python3.13\\site-packages\\idna\\uts46data.py', PermissionError(13, 'Access is denied'))
Failed to remove: (<built-in function unlink>, 'C:\\Users\\Andre\\AppData\\Roaming\\Blender Foundation\\Blender\\5.2\\extensions\\.local\\lib\\python3.13\\site-packages\\idna\\__init__.py', PermissionError(13, 'Access is denied'))
Failed to remove: (<built-in function unlink>, 'C:\\Users\\Andre\\AppData\\Roaming\\Blender Foundation\\Blender\\5.2\\extensions\\.local\\lib\\python3.13\\site-packages\\idna\\__main__.py', PermissionError(13, 'Access is denied'))
Failed to remove: (<built-in function rmdir>, 'C:\\Users\\Andre\\AppData\\Roaming\\Blender Foundation\\Blender\\5.2\\extensions\\.local\\lib\\python3.13\\site-packages\\idna', PermissionError(13, 'Access is denied'))
Failed to remove: (<built-in function unlink>, 'C:\\Users\\Andre\\AppData\\Roaming\\Blender Foundation\\Blender\\5.2\\extensions\\.local\\lib\\python3.13\\site-packages\\msgpack-1.1.2.dist-info\\licenses\\COPYING', PermissionError(13, 'Access is denied'))
Failed to remove: (<built-in function rmdir>, 'C:\\Users\\Andre\\AppData\\Roaming\\Blender Foundation\\Blender\\5.2\\extensions\\.local\\lib\\python3.13\\site-packages\\msgpack-1.1.2.dist-info\\licenses', PermissionError(13, 'Access is denied'))
Failed to remove: (<built-in function unlink>, 'C:\\Users\\Andre\\AppData\\Roaming\\Blender Foundation\\Blender\\5.2\\extensions\\.local\\lib\\python3.13\\site-packages\\msgpack-1.1.2.dist-info\\METADATA', PermissionError(13, 'Access is denied'))
Failed to remove: (<built-in function unlink>, 'C:\\Users\\Andre\\AppData\\Roaming\\Blender Foundation\\Blender\\5.2\\extensions\\.local\\lib\\python3.13\\site-packages\\msgpack-1.1.2.dist-info\\RECORD', PermissionError(13, 'Access is denied'))
Failed to remove: (<built-in function unlink>, 'C:\\Users\\Andre\\AppData\\Roaming\\Blender Foundation\\Blender\\5.2\\extensions\\.local\\lib\\python3.13\\site-packages\\msgpack-1.1.2.dist-info\\top_level.txt', PermissionError(13, 'Access is denied'))
Failed to remove: (<built-in function unlink>, 'C:\\Users\\Andre\\AppData\\Roaming\\Blender Foundation\\Blender\\5.2\\extensions\\.local\\lib\\python3.13\\site-packages\\msgpack-1.1.2.dist-info\\WHEEL', PermissionError(13, 'Access is denied'))
Failed to remove: (<built-in function rmdir>, 'C:\\Users\\Andre\\AppData\\Roaming\\Blender Foundation\\Blender\\5.2\\extensions\\.local\\lib\\python3.13\\site-packages\\msgpack-1.1.2.dist-info', PermissionError(13, 'Access is denied'))
Failed to remove: (<built-in function unlink>, 'C:\\Users\\Andre\\AppData\\Roaming\\Blender Foundation\\Blender\\5.2\\extensions\\.local\\lib\\python3.13\\site-packages\\msgpack\\exceptions.py', PermissionError(13, 'Access is denied'))
Failed to remove: (<built-in function unlink>, 'C:\\Users\\Andre\\AppData\\Roaming\\Blender Foundation\\Blender\\5.2\\extensions\\.local\\lib\\python3.13\\site-packages\\msgpack\\ext.py', PermissionError(13, 'Access is denied'))
Failed to remove: (<built-in function unlink>, 'C:\\Users\\Andre\\AppData\\Roaming\\Blender Foundation\\Blender\\5.2\\extensions\\.local\\lib\\python3.13\\site-packages\\msgpack\\fallback.py', PermissionError(13, 'Access is denied'))
Failed to remove: (<built-in function unlink>, 'C:\\Users\\Andre\\AppData\\Roaming\\Blender Foundation\\Blender\\5.2\\extensions\\.local\\lib\\python3.13\\site-packages\\msgpack\\_cmsgpack.cp313-win_amd64.pyd', PermissionError(13, 'Access is denied'))
Failed to remove: (<built-in function unlink>, 'C:\\Users\\Andre\\AppData\\Roaming\\Blender Foundation\\Blender\\5.2\\extensions\\.local\\lib\\python3.13\\site-packages\\msgpack\\__init__.py', PermissionError(13, 'Access is denied'))
Failed to remove: (<built-in function rmdir>, 'C:\\Users\\Andre\\AppData\\Roaming\\Blender Foundation\\Blender\\5.2\\extensions\\.local\\lib\\python3.13\\site-packages\\msgpack', PermissionError(13, 'Access is denied'))
Failed to remove: (<built-in function unlink>, 'C:\\Users\\Andre\\AppData\\Roaming\\Blender Foundation\\Blender\\5.2\\extensions\\.local\\lib\\python3.13\\site-packages\\pillow-12.2.0.dist-info\\licenses\\LICENSE', PermissionError(13, 'Access is denied'))
Failed to remove: (<built-in function rmdir>, 'C:\\Users\\Andre\\AppData\\Roaming\\Blender Foundation\\Blender\\5.2\\extensions\\.local\\lib\\python3.13\\site-packages\\pillow-12.2.0.dist-info\\licenses', PermissionError(13, 'Access is denied'))
Failed to remove: (<built-in function unlink>, 'C:\\Users\\Andre\\AppData\\Roaming\\Blender Foundation\\Blender\\5.2\\extensions\\.local\\lib\\python3.13\\site-packages\\pillow-12.2.0.dist-info\\METADATA', PermissionError(13, 'Access is denied'))
Failed to remove: (<built-in function unlink>, 'C:\\Users\\Andre\\AppData\\Roaming\\Blender Foundation\\Blender\\5.2\\extensions\\.local\\lib\\python3.13\\site-packages\\pillow-12.2.0.dist-info\\RECORD', PermissionError(13, 'Access is denied'))
Failed to remove: (<built-in function unlink>, 'C:\\Users\\Andre\\AppData\\Roaming\\Blender Foundation\\Blender\\5.2\\extensions\\.local\\lib\\python3.13\\site-packages\\pillow-12.2.0.dist-info\\top_level.txt', PermissionError(13, 'Access is denied'))
Failed to remove: (<built-in function unlink>, 'C:\\Users\\Andre\\AppData\\Roaming\\Blender Foundation\\Blender\\5.2\\extensions\\.local\\lib\\python3.13\\site-packages\\pillow-12.2.0.dist-info\\WHEEL', PermissionError(13, 'Access is denied'))
Failed to remove: (<built-in function unlink>, 'C:\\Users\\Andre\\AppData\\Roaming\\Blender Foundation\\Blender\\5.2\\extensions\\.local\\lib\\python3.13\\site-packages\\pillow-12.2.0.dist-info\\zip-safe', PermissionError(13, 'Access is denied'))
Failed to remove: (<built-in function rmdir>, 'C:\\Users\\Andre\\AppData\\Roaming\\Blender Foundation\\Blender\\5.2\\extensions\\.local\\lib\\python3.13\\site-packages\\pillow-12.2.0.dist-info', PermissionError(13, 'Access is denied'))
Failed to remove: (<built-in function unlink>, 'C:\\Users\\Andre\\AppData\\Roaming\\Blender Foundation\\Blender\\5.2\\extensions\\.local\\lib\\python3.13\\site-packages\\PIL\\AvifImagePlugin.py', PermissionError(13, 'Access is denied'))
Failed to remove: (<built-in function unlink>, 'C:\\Users\\Andre\\AppData\\Roaming\\Blender Foundation\\Blender\\5.2\\extensions\\.local\\lib\\python3.13\\site-packages\\PIL\\BdfFontFile.py', PermissionError(13, 'Access is denied'))
Failed to remove: (<built-in function unlink>, 'C:\\Users\\Andre\\AppData\\Roaming\\Blender Foundation\\Blender\\5.2\\extensions\\.local\\lib\\python3.13\\site-packages\\PIL\\BlpImagePlugin.py', PermissionError(13, 'Access is denied'))
Failed to remove: (<built-in function unlink>, 'C:\\Users\\Andre\\AppData\\Roaming\\Blender Foundation\\Blender\\5.2\\extensions\\.local\\lib\\python3.13\\site-packages\\PIL\\BmpImagePlugin.py', PermissionError(13, 'Access is denied'))
Failed to remove: (<built-in function unlink>, 'C:\\Users\\Andre\\AppData\\Roaming\\Blender Foundation\\Blender\\5.2\\extensions\\.local\\lib\\python3.13\\site-packages\\PIL\\BufrStubImagePlugin.py', PermissionError(13, 'Access is denied'))
Failed to remove: (<built-in function unlink>, 'C:\\Users\\Andre\\AppData\\Roaming\\Blender Foundation\\Blender\\5.2\\extensions\\.local\\lib\\python3.13\\site-packages\\PIL\\ContainerIO.py', PermissionError(13, 'Access is denied'))
Failed to remove: (<built-in function unlink>, 'C:\\Users\\Andre\\AppData\\Roaming\\Blender Foundation\\Blender\\5.2\\extensions\\.local\\lib\\python3.13\\site-packages\\PIL\\CurImagePlugin.py', PermissionError(13, 'Access is denied'))
Failed to remove: (<built-in function unlink>, 'C:\\Users\\Andre\\AppData\\Roaming\\Blender Foundation\\Blender\\5.2\\extensions\\.local\\lib\\python3.13\\site-packages\\PIL\\DcxImagePlugin.py', PermissionError(13, 'Access is denied'))
Failed to remove: (<built-in function unlink>, 'C:\\Users\\Andre\\AppData\\Roaming\\Blender Foundation\\Blender\\5.2\\extensions\\.local\\lib\\python3.13\\site-packages\\PIL\\DdsImagePlugin.py', PermissionError(13, 'Access is denied'))
Failed to remove: (<built-in function unlink>, 'C:\\Users\\Andre\\AppData\\Roaming\\Blender Foundation\\Blender\\5.2\\extensions\\.local\\lib\\python3.13\\site-packages\\PIL\\EpsImagePlugin.py', PermissionError(13, 'Access is denied'))
Failed to remove: (<built-in function unlink>, 'C:\\Users\\Andre\\AppData\\Roaming\\Blender Foundation\\Blender\\5.2\\extensions\\.local\\lib\\python3.13\\site-packages\\PIL\\ExifTags.py', PermissionError(13, 'Access is denied'))
Failed to remove: (<built-in function unlink>, 'C:\\Users\\Andre\\AppData\\Roaming\\Blender Foundation\\Blender\\5.2\\extensions\\.local\\lib\\python3.13\\site-packages\\PIL\\features.py', PermissionError(13, 'Access is denied'))
Failed to remove: (<built-in function unlink>, 'C:\\Users\\Andre\\AppData\\Roaming\\Blender Foundation\\Blender\\5.2\\extensions\\.local\\lib\\python3.13\\site-packages\\PIL\\FitsImagePlugin.py', PermissionError(13, 'Access is denied'))
Failed to remove: (<built-in function unlink>, 'C:\\Users\\Andre\\AppData\\Roaming\\Blender Foundation\\Blender\\5.2\\extensions\\.local\\lib\\python3.13\\site-packages\\PIL\\FliImagePlugin.py', PermissionError(13, 'Access is denied'))
Failed to remove: (<built-in function unlink>, 'C:\\Users\\Andre\\AppData\\Roaming\\Blender Foundation\\Blender\\5.2\\extensions\\.local\\lib\\python3.13\\site-packages\\PIL\\FontFile.py', PermissionError(13, 'Access is denied'))
Failed to remove: (<built-in function unlink>, 'C:\\Users\\Andre\\AppData\\Roaming\\Blender Foundation\\Blender\\5.2\\extensions\\.local\\lib\\python3.13\\site-packages\\PIL\\FpxImagePlugin.py', PermissionError(13, 'Access is denied'))
Failed to remove: (<built-in function unlink>, 'C:\\Users\\Andre\\AppData\\Roaming\\Blender Foundation\\Blender\\5.2\\extensions\\.local\\lib\\python3.13\\site-packages\\PIL\\FtexImagePlugin.py', PermissionError(13, 'Access is denied'))
Failed to remove: (<built-in function unlink>, 'C:\\Users\\Andre\\AppData\\Roaming\\Blender Foundation\\Blender\\5.2\\extensions\\.local\\lib\\python3.13\\site-packages\\PIL\\GbrImagePlugin.py', PermissionError(13, 'Access is denied'))
Failed to remove: (<built-in function unlink>, 'C:\\Users\\Andre\\AppData\\Roaming\\Blender Foundation\\Blender\\5.2\\extensions\\.local\\lib\\python3.13\\site-packages\\PIL\\GdImageFile.py', PermissionError(13, 'Access is denied'))
Failed to remove: (<built-in function unlink>, 'C:\\Users\\Andre\\AppData\\Roaming\\Blender Foundation\\Blender\\5.2\\extensions\\.local\\lib\\python3.13\\site-packages\\PIL\\GifImagePlugin.py', PermissionError(13, 'Access is denied'))
Failed to remove: (<built-in function unlink>, 'C:\\Users\\Andre\\AppData\\Roaming\\Blender Foundation\\Blender\\5.2\\extensions\\.local\\lib\\python3.13\\site-packages\\PIL\\GimpGradientFile.py', PermissionError(13, 'Access is denied'))
Failed to remove: (<built-in function unlink>, 'C:\\Users\\Andre\\AppData\\Roaming\\Blender Foundation\\Blender\\5.2\\extensions\\.local\\lib\\python3.13\\site-packages\\PIL\\GimpPaletteFile.py', PermissionError(13, 'Access is denied'))
Failed to remove: (<built-in function unlink>, 'C:\\Users\\Andre\\AppData\\Roaming\\Blender Foundation\\Blender\\5.2\\extensions\\.local\\lib\\python3.13\\site-packages\\PIL\\GribStubImagePlugin.py', PermissionError(13, 'Access is denied'))
Failed to remove: (<built-in function unlink>, 'C:\\Users\\Andre\\AppData\\Roaming\\Blender Foundation\\Blender\\5.2\\extensions\\.local\\lib\\python3.13\\site-packages\\PIL\\Hdf5StubImagePlugin.py', PermissionError(13, 'Access is denied'))
Failed to remove: (<built-in function unlink>, 'C:\\Users\\Andre\\AppData\\Roaming\\Blender Foundation\\Blender\\5.2\\extensions\\.local\\lib\\python3.13\\site-packages\\PIL\\IcnsImagePlugin.py', PermissionError(13, 'Access is denied'))
Failed to remove: (<built-in function unlink>, 'C:\\Users\\Andre\\AppData\\Roaming\\Blender Foundation\\Blender\\5.2\\extensions\\.local\\lib\\python3.13\\site-packages\\PIL\\IcoImagePlugin.py', PermissionError(13, 'Access is denied'))
Failed to remove: (<built-in function unlink>, 'C:\\Users\\Andre\\AppData\\Roaming\\Blender Foundation\\Blender\\5.2\\extensions\\.local\\lib\\python3.13\\site-packages\\PIL\\Image.py', PermissionError(13, 'Access is denied'))
Failed to remove: (<built-in function unlink>, 'C:\\Users\\Andre\\AppData\\Roaming\\Blender Foundation\\Blender\\5.2\\extensions\\.local\\lib\\python3.13\\site-packages\\PIL\\ImageChops.py', PermissionError(13, 'Access is denied'))
Failed to remove: (<built-in function unlink>, 'C:\\Users\\Andre\\AppData\\Roaming\\Blender Foundation\\Blender\\5.2\\extensions\\.local\\lib\\python3.13\\site-packages\\PIL\\ImageCms.py', PermissionError(13, 'Access is denied'))
Failed to remove: (<built-in function unlink>, 'C:\\Users\\Andre\\AppData\\Roaming\\Blender Foundation\\Blender\\5.2\\extensions\\.local\\lib\\python3.13\\site-packages\\PIL\\ImageColor.py', PermissionError(13, 'Access is denied'))
Failed to remove: (<built-in function unlink>, 'C:\\Users\\Andre\\AppData\\Roaming\\Blender Foundation\\Blender\\5.2\\extensions\\.local\\lib\\python3.13\\site-packages\\PIL\\ImageDraw.py', PermissionError(13, 'Access is denied'))
Failed to remove: (<built-in function unlink>, 'C:\\Users\\Andre\\AppData\\Roaming\\Blender Foundation\\Blender\\5.2\\extensions\\.local\\lib\\python3.13\\site-packages\\PIL\\ImageDraw2.py', PermissionError(13, 'Access is denied'))
Failed to remove: (<built-in function unlink>, 'C:\\Users\\Andre\\AppData\\Roaming\\Blender Foundation\\Blender\\5.2\\extensions\\.local\\lib\\python3.13\\site-packages\\PIL\\ImageEnhance.py', PermissionError(13, 'Access is denied'))
Failed to remove: (<built-in function unlink>, 'C:\\Users\\Andre\\AppData\\Roaming\\Blender Foundation\\Blender\\5.2\\extensions\\.local\\lib\\python3.13\\site-packages\\PIL\\ImageFile.py', PermissionError(13, 'Access is denied'))
Failed to remove: (<built-in function unlink>, 'C:\\Users\\Andre\\AppData\\Roaming\\Blender Foundation\\Blender\\5.2\\extensions\\.local\\lib\\python3.13\\site-packages\\PIL\\ImageFilter.py', PermissionError(13, 'Access is denied'))
Failed to remove: (<built-in function unlink>, 'C:\\Users\\Andre\\AppData\\Roaming\\Blender Foundation\\Blender\\5.2\\extensions\\.local\\lib\\python3.13\\site-packages\\PIL\\ImageFont.py', PermissionError(13, 'Access is denied'))
Failed to remove: (<built-in function unlink>, 'C:\\Users\\Andre\\AppData\\Roaming\\Blender Foundation\\Blender\\5.2\\extensions\\.local\\lib\\python3.13\\site-packages\\PIL\\ImageGrab.py', PermissionError(13, 'Access is denied'))
Failed to remove: (<built-in function unlink>, 'C:\\Users\\Andre\\AppData\\Roaming\\Blender Foundation\\Blender\\5.2\\extensions\\.local\\lib\\python3.13\\site-packages\\PIL\\ImageMath.py', PermissionError(13, 'Access is denied'))
Failed to remove: (<built-in function unlink>, 'C:\\Users\\Andre\\AppData\\Roaming\\Blender Foundation\\Blender\\5.2\\extensions\\.local\\lib\\python3.13\\site-packages\\PIL\\ImageMode.py', PermissionError(13, 'Access is denied'))
Failed to remove: (<built-in function unlink>, 'C:\\Users\\Andre\\AppData\\Roaming\\Blender Foundation\\Blender\\5.2\\extensions\\.local\\lib\\python3.13\\site-packages\\PIL\\ImageMorph.py', PermissionError(13, 'Access is denied'))
Failed to remove: (<built-in function unlink>, 'C:\\Users\\Andre\\AppData\\Roaming\\Blender Foundation\\Blender\\5.2\\extensions\\.local\\lib\\python3.13\\site-packages\\PIL\\ImageOps.py', PermissionError(13, 'Access is denied'))
Failed to remove: (<built-in function unlink>, 'C:\\Users\\Andre\\AppData\\Roaming\\Blender Foundation\\Blender\\5.2\\extensions\\.local\\lib\\python3.13\\site-packages\\PIL\\ImagePalette.py', PermissionError(13, 'Access is denied'))
Failed to remove: (<built-in function unlink>, 'C:\\Users\\Andre\\AppData\\Roaming\\Blender Foundation\\Blender\\5.2\\extensions\\.local\\lib\\python3.13\\site-packages\\PIL\\ImagePath.py', PermissionError(13, 'Access is denied'))
Failed to remove: (<built-in function unlink>, 'C:\\Users\\Andre\\AppData\\Roaming\\Blender Foundation\\Blender\\5.2\\extensions\\.local\\lib\\python3.13\\site-packages\\PIL\\ImageQt.py', PermissionError(13, 'Access is denied'))
Failed to remove: (<built-in function unlink>, 'C:\\Users\\Andre\\AppData\\Roaming\\Blender Foundation\\Blender\\5.2\\extensions\\.local\\lib\\python3.13\\site-packages\\PIL\\ImageSequence.py', PermissionError(13, 'Access is denied'))
Failed to remove: (<built-in function unlink>, 'C:\\Users\\Andre\\AppData\\Roaming\\Blender Foundation\\Blender\\5.2\\extensions\\.local\\lib\\python3.13\\site-packages\\PIL\\ImageShow.py', PermissionError(13, 'Access is denied'))
Failed to remove: (<built-in function unlink>, 'C:\\Users\\Andre\\AppData\\Roaming\\Blender Foundation\\Blender\\5.2\\extensions\\.local\\lib\\python3.13\\site-packages\\PIL\\ImageStat.py', PermissionError(13, 'Access is denied'))
Failed to remove: (<built-in function unlink>, 'C:\\Users\\Andre\\AppData\\Roaming\\Blender Foundation\\Blender\\5.2\\extensions\\.local\\lib\\python3.13\\site-packages\\PIL\\ImageText.py', PermissionError(13, 'Access is denied'))
Failed to remove: (<built-in function unlink>, 'C:\\Users\\Andre\\AppData\\Roaming\\Blender Foundation\\Blender\\5.2\\extensions\\.local\\lib\\python3.13\\site-packages\\PIL\\ImageTk.py', PermissionError(13, 'Access is denied'))
Failed to remove: (<built-in function unlink>, 'C:\\Users\\Andre\\AppData\\Roaming\\Blender Foundation\\Blender\\5.2\\extensions\\.local\\lib\\python3.13\\site-packages\\PIL\\ImageTransform.py', PermissionError(13, 'Access is denied'))
Failed to remove: (<built-in function unlink>, 'C:\\Users\\Andre\\AppData\\Roaming\\Blender Foundation\\Blender\\5.2\\extensions\\.local\\lib\\python3.13\\site-packages\\PIL\\ImageWin.py', PermissionError(13, 'Access is denied'))
Failed to remove: (<built-in function unlink>, 'C:\\Users\\Andre\\AppData\\Roaming\\Blender Foundation\\Blender\\5.2\\extensions\\.local\\lib\\python3.13\\site-packages\\PIL\\ImImagePlugin.py', PermissionError(13, 'Access is denied'))
Failed to remove: (<built-in function unlink>, 'C:\\Users\\Andre\\AppData\\Roaming\\Blender Foundation\\Blender\\5.2\\extensions\\.local\\lib\\python3.13\\site-packages\\PIL\\ImtImagePlugin.py', PermissionError(13, 'Access is denied'))
Failed to remove: (<built-in function unlink>, 'C:\\Users\\Andre\\AppData\\Roaming\\Blender Foundation\\Blender\\5.2\\extensions\\.local\\lib\\python3.13\\site-packages\\PIL\\IptcImagePlugin.py', PermissionError(13, 'Access is denied'))
Failed to remove: (<built-in function unlink>, 'C:\\Users\\Andre\\AppData\\Roaming\\Blender Foundation\\Blender\\5.2\\extensions\\.local\\lib\\python3.13\\site-packages\\PIL\\Jpeg2KImagePlugin.py', PermissionError(13, 'Access is denied'))
Failed to remove: (<built-in function unlink>, 'C:\\Users\\Andre\\AppData\\Roaming\\Blender Foundation\\Blender\\5.2\\extensions\\.local\\lib\\python3.13\\site-packages\\PIL\\JpegImagePlugin.py', PermissionError(13, 'Access is denied'))
Failed to remove: (<built-in function unlink>, 'C:\\Users\\Andre\\AppData\\Roaming\\Blender Foundation\\Blender\\5.2\\extensions\\.local\\lib\\python3.13\\site-packages\\PIL\\JpegPresets.py', PermissionError(13, 'Access is denied'))
Failed to remove: (<built-in function unlink>, 'C:\\Users\\Andre\\AppData\\Roaming\\Blender Foundation\\Blender\\5.2\\extensions\\.local\\lib\\python3.13\\site-packages\\PIL\\McIdasImagePlugin.py', PermissionError(13, 'Access is denied'))
Failed to remove: (<built-in function unlink>, 'C:\\Users\\Andre\\AppData\\Roaming\\Blender Foundation\\Blender\\5.2\\extensions\\.local\\lib\\python3.13\\site-packages\\PIL\\MicImagePlugin.py', PermissionError(13, 'Access is denied'))
Failed to remove: (<built-in function unlink>, 'C:\\Users\\Andre\\AppData\\Roaming\\Blender Foundation\\Blender\\5.2\\extensions\\.local\\lib\\python3.13\\site-packages\\PIL\\MpegImagePlugin.py', PermissionError(13, 'Access is denied'))
Failed to remove: (<built-in function unlink>, 'C:\\Users\\Andre\\AppData\\Roaming\\Blender Foundation\\Blender\\5.2\\extensions\\.local\\lib\\python3.13\\site-packages\\PIL\\MpoImagePlugin.py', PermissionError(13, 'Access is denied'))
Failed to remove: (<built-in function unlink>, 'C:\\Users\\Andre\\AppData\\Roaming\\Blender Foundation\\Blender\\5.2\\extensions\\.local\\lib\\python3.13\\site-packages\\PIL\\MspImagePlugin.py', PermissionError(13, 'Access is denied'))
Failed to remove: (<built-in function unlink>, 'C:\\Users\\Andre\\AppData\\Roaming\\Blender Foundation\\Blender\\5.2\\extensions\\.local\\lib\\python3.13\\site-packages\\PIL\\PaletteFile.py', PermissionError(13, 'Access is denied'))
Failed to remove: (<built-in function unlink>, 'C:\\Users\\Andre\\AppData\\Roaming\\Blender Foundation\\Blender\\5.2\\extensions\\.local\\lib\\python3.13\\site-packages\\PIL\\PalmImagePlugin.py', PermissionError(13, 'Access is denied'))
Failed to remove: (<built-in function unlink>, 'C:\\Users\\Andre\\AppData\\Roaming\\Blender Foundation\\Blender\\5.2\\extensions\\.local\\lib\\python3.13\\site-packages\\PIL\\PcdImagePlugin.py', PermissionError(13, 'Access is denied'))
Failed to remove: (<built-in function unlink>, 'C:\\Users\\Andre\\AppData\\Roaming\\Blender Foundation\\Blender\\5.2\\extensions\\.local\\lib\\python3.13\\site-packages\\PIL\\PcfFontFile.py', PermissionError(13, 'Access is denied'))
Failed to remove: (<built-in function unlink>, 'C:\\Users\\Andre\\AppData\\Roaming\\Blender Foundation\\Blender\\5.2\\extensions\\.local\\lib\\python3.13\\site-packages\\PIL\\PcxImagePlugin.py', PermissionError(13, 'Access is denied'))
Failed to remove: (<built-in function unlink>, 'C:\\Users\\Andre\\AppData\\Roaming\\Blender Foundation\\Blender\\5.2\\extensions\\.local\\lib\\python3.13\\site-packages\\PIL\\PdfImagePlugin.py', PermissionError(13, 'Access is denied'))
Failed to remove: (<built-in function unlink>, 'C:\\Users\\Andre\\AppData\\Roaming\\Blender Foundation\\Blender\\5.2\\extensions\\.local\\lib\\python3.13\\site-packages\\PIL\\PdfParser.py', PermissionError(13, 'Access is denied'))
Failed to remove: (<built-in function unlink>, 'C:\\Users\\Andre\\AppData\\Roaming\\Blender Foundation\\Blender\\5.2\\extensions\\.local\\lib\\python3.13\\site-packages\\PIL\\PixarImagePlugin.py', PermissionError(13, 'Access is denied'))
Failed to remove: (<built-in function unlink>, 'C:\\Users\\Andre\\AppData\\Roaming\\Blender Foundation\\Blender\\5.2\\extensions\\.local\\lib\\python3.13\\site-packages\\PIL\\PngImagePlugin.py', PermissionError(13, 'Access is denied'))
Failed to remove: (<built-in function unlink>, 'C:\\Users\\Andre\\AppData\\Roaming\\Blender Foundation\\Blender\\5.2\\extensions\\.local\\lib\\python3.13\\site-packages\\PIL\\PpmImagePlugin.py', PermissionError(13, 'Access is denied'))
Failed to remove: (<built-in function unlink>, 'C:\\Users\\Andre\\AppData\\Roaming\\Blender Foundation\\Blender\\5.2\\extensions\\.local\\lib\\python3.13\\site-packages\\PIL\\PsdImagePlugin.py', PermissionError(13, 'Access is denied'))
Failed to remove: (<built-in function unlink>, 'C:\\Users\\Andre\\AppData\\Roaming\\Blender Foundation\\Blender\\5.2\\extensions\\.local\\lib\\python3.13\\site-packages\\PIL\\PSDraw.py', PermissionError(13, 'Access is denied'))
Failed to remove: (<built-in function unlink>, 'C:\\Users\\Andre\\AppData\\Roaming\\Blender Foundation\\Blender\\5.2\\extensions\\.local\\lib\\python3.13\\site-packages\\PIL\\py.typed', PermissionError(13, 'Access is denied'))
Failed to remove: (<built-in function unlink>, 'C:\\Users\\Andre\\AppData\\Roaming\\Blender Foundation\\Blender\\5.2\\extensions\\.local\\lib\\python3.13\\site-packages\\PIL\\QoiImagePlugin.py', PermissionError(13, 'Access is denied'))
Failed to remove: (<built-in function unlink>, 'C:\\Users\\Andre\\AppData\\Roaming\\Blender Foundation\\Blender\\5.2\\extensions\\.local\\lib\\python3.13\\site-packages\\PIL\\report.py', PermissionError(13, 'Access is denied'))
Failed to remove: (<built-in function unlink>, 'C:\\Users\\Andre\\AppData\\Roaming\\Blender Foundation\\Blender\\5.2\\extensions\\.local\\lib\\python3.13\\site-packages\\PIL\\SgiImagePlugin.py', PermissionError(13, 'Access is denied'))
Failed to remove: (<built-in function unlink>, 'C:\\Users\\Andre\\AppData\\Roaming\\Blender Foundation\\Blender\\5.2\\extensions\\.local\\lib\\python3.13\\site-packages\\PIL\\SpiderImagePlugin.py', PermissionError(13, 'Access is denied'))
Failed to remove: (<built-in function unlink>, 'C:\\Users\\Andre\\AppData\\Roaming\\Blender Foundation\\Blender\\5.2\\extensions\\.local\\lib\\python3.13\\site-packages\\PIL\\SunImagePlugin.py', PermissionError(13, 'Access is denied'))
Failed to remove: (<built-in function unlink>, 'C:\\Users\\Andre\\AppData\\Roaming\\Blender Foundation\\Blender\\5.2\\extensions\\.local\\lib\\python3.13\\site-packages\\PIL\\TarIO.py', PermissionError(13, 'Access is denied'))
Failed to remove: (<built-in function unlink>, 'C:\\Users\\Andre\\AppData\\Roaming\\Blender Foundation\\Blender\\5.2\\extensions\\.local\\lib\\python3.13\\site-packages\\PIL\\TgaImagePlugin.py', PermissionError(13, 'Access is denied'))
Failed to remove: (<built-in function unlink>, 'C:\\Users\\Andre\\AppData\\Roaming\\Blender Foundation\\Blender\\5.2\\extensions\\.local\\lib\\python3.13\\site-packages\\PIL\\TiffImagePlugin.py', PermissionError(13, 'Access is denied'))
Failed to remove: (<built-in function unlink>, 'C:\\Users\\Andre\\AppData\\Roaming\\Blender Foundation\\Blender\\5.2\\extensions\\.local\\lib\\python3.13\\site-packages\\PIL\\TiffTags.py', PermissionError(13, 'Access is denied'))
Failed to remove: (<built-in function unlink>, 'C:\\Users\\Andre\\AppData\\Roaming\\Blender Foundation\\Blender\\5.2\\extensions\\.local\\lib\\python3.13\\site-packages\\PIL\\WalImageFile.py', PermissionError(13, 'Access is denied'))
Failed to remove: (<built-in function unlink>, 'C:\\Users\\Andre\\AppData\\Roaming\\Blender Foundation\\Blender\\5.2\\extensions\\.local\\lib\\python3.13\\site-packages\\PIL\\WebPImagePlugin.py', PermissionError(13, 'Access is denied'))
Failed to remove: (<built-in function unlink>, 'C:\\Users\\Andre\\AppData\\Roaming\\Blender Foundation\\Blender\\5.2\\extensions\\.local\\lib\\python3.13\\site-packages\\PIL\\WmfImagePlugin.py', PermissionError(13, 'Access is denied'))
Failed to remove: (<built-in function unlink>, 'C:\\Users\\Andre\\AppData\\Roaming\\Blender Foundation\\Blender\\5.2\\extensions\\.local\\lib\\python3.13\\site-packages\\PIL\\XbmImagePlugin.py', PermissionError(13, 'Access is denied'))
Failed to remove: (<built-in function unlink>, 'C:\\Users\\Andre\\AppData\\Roaming\\Blender Foundation\\Blender\\5.2\\extensions\\.local\\lib\\python3.13\\site-packages\\PIL\\XpmImagePlugin.py', PermissionError(13, 'Access is denied'))
Failed to remove: (<built-in function unlink>, 'C:\\Users\\Andre\\AppData\\Roaming\\Blender Foundation\\Blender\\5.2\\extensions\\.local\\lib\\python3.13\\site-packages\\PIL\\XVThumbImagePlugin.py', PermissionError(13, 'Access is denied'))
Failed to remove: (<built-in function unlink>, 'C:\\Users\\Andre\\AppData\\Roaming\\Blender Foundation\\Blender\\5.2\\extensions\\.local\\lib\\python3.13\\site-packages\\PIL\\_avif.cp313-win_amd64.pyd', PermissionError(13, 'Access is denied'))
Failed to remove: (<built-in function unlink>, 'C:\\Users\\Andre\\AppData\\Roaming\\Blender Foundation\\Blender\\5.2\\extensions\\.local\\lib\\python3.13\\site-packages\\PIL\\_avif.pyi', PermissionError(13, 'Access is denied'))
Failed to remove: (<built-in function unlink>, 'C:\\Users\\Andre\\AppData\\Roaming\\Blender Foundation\\Blender\\5.2\\extensions\\.local\\lib\\python3.13\\site-packages\\PIL\\_binary.py', PermissionError(13, 'Access is denied'))
Failed to remove: (<built-in function unlink>, 'C:\\Users\\Andre\\AppData\\Roaming\\Blender Foundation\\Blender\\5.2\\extensions\\.local\\lib\\python3.13\\site-packages\\PIL\\_deprecate.py', PermissionError(13, 'Access is denied'))
Failed to remove: (<built-in function unlink>, 'C:\\Users\\Andre\\AppData\\Roaming\\Blender Foundation\\Blender\\5.2\\extensions\\.local\\lib\\python3.13\\site-packages\\PIL\\_imaging.cp313-win_amd64.pyd', PermissionError(13, 'Access is denied'))
Failed to remove: (<built-in function unlink>, 'C:\\Users\\Andre\\AppData\\Roaming\\Blender Foundation\\Blender\\5.2\\extensions\\.local\\lib\\python3.13\\site-packages\\PIL\\_imaging.pyi', PermissionError(13, 'Access is denied'))
Failed to remove: (<built-in function unlink>, 'C:\\Users\\Andre\\AppData\\Roaming\\Blender Foundation\\Blender\\5.2\\extensions\\.local\\lib\\python3.13\\site-packages\\PIL\\_imagingcms.cp313-win_amd64.pyd', PermissionError(13, 'Access is denied'))
Failed to remove: (<built-in function unlink>, 'C:\\Users\\Andre\\AppData\\Roaming\\Blender Foundation\\Blender\\5.2\\extensions\\.local\\lib\\python3.13\\site-packages\\PIL\\_imagingcms.pyi', PermissionError(13, 'Access is denied'))
Failed to remove: (<built-in function unlink>, 'C:\\Users\\Andre\\AppData\\Roaming\\Blender Foundation\\Blender\\5.2\\extensions\\.local\\lib\\python3.13\\site-packages\\PIL\\_imagingft.cp313-win_amd64.pyd', PermissionError(13, 'Access is denied'))
Failed to remove: (<built-in function unlink>, 'C:\\Users\\Andre\\AppData\\Roaming\\Blender Foundation\\Blender\\5.2\\extensions\\.local\\lib\\python3.13\\site-packages\\PIL\\_imagingft.pyi', PermissionError(13, 'Access is denied'))
Failed to remove: (<built-in function unlink>, 'C:\\Users\\Andre\\AppData\\Roaming\\Blender Foundation\\Blender\\5.2\\extensions\\.local\\lib\\python3.13\\site-packages\\PIL\\_imagingmath.cp313-win_amd64.pyd', PermissionError(13, 'Access is denied'))
Failed to remove: (<built-in function unlink>, 'C:\\Users\\Andre\\AppData\\Roaming\\Blender Foundation\\Blender\\5.2\\extensions\\.local\\lib\\python3.13\\site-packages\\PIL\\_imagingmath.pyi', PermissionError(13, 'Access is denied'))
Failed to remove: (<built-in function unlink>, 'C:\\Users\\Andre\\AppData\\Roaming\\Blender Foundation\\Blender\\5.2\\extensions\\.local\\lib\\python3.13\\site-packages\\PIL\\_imagingmorph.cp313-win_amd64.pyd', PermissionError(13, 'Access is denied'))
Failed to remove: (<built-in function unlink>, 'C:\\Users\\Andre\\AppData\\Roaming\\Blender Foundation\\Blender\\5.2\\extensions\\.local\\lib\\python3.13\\site-packages\\PIL\\_imagingmorph.pyi', PermissionError(13, 'Access is denied'))
Failed to remove: (<built-in function unlink>, 'C:\\Users\\Andre\\AppData\\Roaming\\Blender Foundation\\Blender\\5.2\\extensions\\.local\\lib\\python3.13\\site-packages\\PIL\\_imagingtk.cp313-win_amd64.pyd', PermissionError(13, 'Access is denied'))
Failed to remove: (<built-in function unlink>, 'C:\\Users\\Andre\\AppData\\Roaming\\Blender Foundation\\Blender\\5.2\\extensions\\.local\\lib\\python3.13\\site-packages\\PIL\\_imagingtk.pyi', PermissionError(13, 'Access is denied'))
Failed to remove: (<built-in function unlink>, 'C:\\Users\\Andre\\AppData\\Roaming\\Blender Foundation\\Blender\\5.2\\extensions\\.local\\lib\\python3.13\\site-packages\\PIL\\_tkinter_finder.py', PermissionError(13, 'Access is denied'))
Failed to remove: (<built-in function unlink>, 'C:\\Users\\Andre\\AppData\\Roaming\\Blender Foundation\\Blender\\5.2\\extensions\\.local\\lib\\python3.13\\site-packages\\PIL\\_typing.py', PermissionError(13, 'Access is denied'))
Failed to remove: (<built-in function unlink>, 'C:\\Users\\Andre\\AppData\\Roaming\\Blender Foundation\\Blender\\5.2\\extensions\\.local\\lib\\python3.13\\site-packages\\PIL\\_util.py', PermissionError(13, 'Access is denied'))
Failed to remove: (<built-in function unlink>, 'C:\\Users\\Andre\\AppData\\Roaming\\Blender Foundation\\Blender\\5.2\\extensions\\.local\\lib\\python3.13\\site-packages\\PIL\\_version.py', PermissionError(13, 'Access is denied'))
Failed to remove: (<built-in function unlink>, 'C:\\Users\\Andre\\AppData\\Roaming\\Blender Foundation\\Blender\\5.2\\extensions\\.local\\lib\\python3.13\\site-packages\\PIL\\_webp.cp313-win_amd64.pyd', PermissionError(13, 'Access is denied'))
Failed to remove: (<built-in function unlink>, 'C:\\Users\\Andre\\AppData\\Roaming\\Blender Foundation\\Blender\\5.2\\extensions\\.local\\lib\\python3.13\\site-packages\\PIL\\_webp.pyi', PermissionError(13, 'Access is denied'))
Failed to remove: (<built-in function unlink>, 'C:\\Users\\Andre\\AppData\\Roaming\\Blender Foundation\\Blender\\5.2\\extensions\\.local\\lib\\python3.13\\site-packages\\PIL\\__init__.py', PermissionError(13, 'Access is denied'))
Failed to remove: (<built-in function unlink>, 'C:\\Users\\Andre\\AppData\\Roaming\\Blender Foundation\\Blender\\5.2\\extensions\\.local\\lib\\python3.13\\site-packages\\PIL\\__main__.py', PermissionError(13, 'Access is denied'))
Failed to remove: (<built-in function rmdir>, 'C:\\Users\\Andre\\AppData\\Roaming\\Blender Foundation\\Blender\\5.2\\extensions\\.local\\lib\\python3.13\\site-packages\\PIL', PermissionError(13, 'Access is denied'))
Failed to remove: (<built-in function unlink>, 'C:\\Users\\Andre\\AppData\\Roaming\\Blender Foundation\\Blender\\5.2\\extensions\\.local\\lib\\python3.13\\site-packages\\sniffio-1.3.1.dist-info\\LICENSE', PermissionError(13, 'Access is denied'))
Failed to remove: (<built-in function unlink>, 'C:\\Users\\Andre\\AppData\\Roaming\\Blender Foundation\\Blender\\5.2\\extensions\\.local\\lib\\python3.13\\site-packages\\sniffio-1.3.1.dist-info\\LICENSE.APACHE2', PermissionError(13, 'Access is denied'))
Failed to remove: (<built-in function unlink>, 'C:\\Users\\Andre\\AppData\\Roaming\\Blender Foundation\\Blender\\5.2\\extensions\\.local\\lib\\python3.13\\site-packages\\sniffio-1.3.1.dist-info\\LICENSE.MIT', PermissionError(13, 'Access is denied'))
Failed to remove: (<built-in function unlink>, 'C:\\Users\\Andre\\AppData\\Roaming\\Blender Foundation\\Blender\\5.2\\extensions\\.local\\lib\\python3.13\\site-packages\\sniffio-1.3.1.dist-info\\METADATA', PermissionError(13, 'Access is denied'))
Failed to remove: (<built-in function unlink>, 'C:\\Users\\Andre\\AppData\\Roaming\\Blender Foundation\\Blender\\5.2\\extensions\\.local\\lib\\python3.13\\site-packages\\sniffio-1.3.1.dist-info\\RECORD', PermissionError(13, 'Access is denied'))
Failed to remove: (<built-in function unlink>, 'C:\\Users\\Andre\\AppData\\Roaming\\Blender Foundation\\Blender\\5.2\\extensions\\.local\\lib\\python3.13\\site-packages\\sniffio-1.3.1.dist-info\\top_level.txt', PermissionError(13, 'Access is denied'))
Failed to remove: (<built-in function unlink>, 'C:\\Users\\Andre\\AppData\\Roaming\\Blender Foundation\\Blender\\5.2\\extensions\\.local\\lib\\python3.13\\site-packages\\sniffio-1.3.1.dist-info\\WHEEL', PermissionError(13, 'Access is denied'))
Failed to remove: (<built-in function rmdir>, 'C:\\Users\\Andre\\AppData\\Roaming\\Blender Foundation\\Blender\\5.2\\extensions\\.local\\lib\\python3.13\\site-packages\\sniffio-1.3.1.dist-info', PermissionError(13, 'Access is denied'))
Failed to remove: (<built-in function unlink>, 'C:\\Users\\Andre\\AppData\\Roaming\\Blender Foundation\\Blender\\5.2\\extensions\\.local\\lib\\python3.13\\site-packages\\sniffio\\_tests\\test_sniffio.py', PermissionError(13, 'Access is denied'))
Failed to remove: (<built-in function unlink>, 'C:\\Users\\Andre\\AppData\\Roaming\\Blender Foundation\\Blender\\5.2\\extensions\\.local\\lib\\python3.13\\site-packages\\sniffio\\_tests\\__init__.py', PermissionError(13, 'Access is denied'))
Failed to remove: (<built-in function rmdir>, 'C:\\Users\\Andre\\AppData\\Roaming\\Blender Foundation\\Blender\\5.2\\extensions\\.local\\lib\\python3.13\\site-packages\\sniffio\\_tests', PermissionError(13, 'Access is denied'))
Failed to remove: (<built-in function unlink>, 'C:\\Users\\Andre\\AppData\\Roaming\\Blender Foundation\\Blender\\5.2\\extensions\\.local\\lib\\python3.13\\site-packages\\sniffio\\py.typed', PermissionError(13, 'Access is denied'))
Failed to remove: (<built-in function unlink>, 'C:\\Users\\Andre\\AppData\\Roaming\\Blender Foundation\\Blender\\5.2\\extensions\\.local\\lib\\python3.13\\site-packages\\sniffio\\_impl.py', PermissionError(13, 'Access is denied'))
Failed to remove: (<built-in function unlink>, 'C:\\Users\\Andre\\AppData\\Roaming\\Blender Foundation\\Blender\\5.2\\extensions\\.local\\lib\\python3.13\\site-packages\\sniffio\\_version.py', PermissionError(13, 'Access is denied'))
Failed to remove: (<built-in function unlink>, 'C:\\Users\\Andre\\AppData\\Roaming\\Blender Foundation\\Blender\\5.2\\extensions\\.local\\lib\\python3.13\\site-packages\\sniffio\\__init__.py', PermissionError(13, 'Access is denied'))
Failed to remove: (<built-in function rmdir>, 'C:\\Users\\Andre\\AppData\\Roaming\\Blender Foundation\\Blender\\5.2\\extensions\\.local\\lib\\python3.13\\site-packages\\sniffio', PermissionError(13, 'Access is denied'))
Failed to remove: (<built-in function unlink>, 'C:\\Users\\Andre\\AppData\\Roaming\\Blender Foundation\\Blender\\5.2\\extensions\\.local\\lib\\python3.13\\site-packages\\websockets-16.0.dist-info\\licenses\\LICENSE', PermissionError(13, 'Access is denied'))
Failed to remove: (<built-in function rmdir>, 'C:\\Users\\Andre\\AppData\\Roaming\\Blender Foundation\\Blender\\5.2\\extensions\\.local\\lib\\python3.13\\site-packages\\websockets-16.0.dist-info\\licenses', PermissionError(13, 'Access is denied'))
Failed to remove: (<built-in function unlink>, 'C:\\Users\\Andre\\AppData\\Roaming\\Blender Foundation\\Blender\\5.2\\extensions\\.local\\lib\\python3.13\\site-packages\\websockets-16.0.dist-info\\entry_points.txt', PermissionError(13, 'Access is denied'))
Failed to remove: (<built-in function unlink>, 'C:\\Users\\Andre\\AppData\\Roaming\\Blender Foundation\\Blender\\5.2\\extensions\\.local\\lib\\python3.13\\site-packages\\websockets-16.0.dist-info\\METADATA', PermissionError(13, 'Access is denied'))
Failed to remove: (<built-in function unlink>, 'C:\\Users\\Andre\\AppData\\Roaming\\Blender Foundation\\Blender\\5.2\\extensions\\.local\\lib\\python3.13\\site-packages\\websockets-16.0.dist-info\\RECORD', PermissionError(13, 'Access is denied'))
Failed to remove: (<built-in function unlink>, 'C:\\Users\\Andre\\AppData\\Roaming\\Blender Foundation\\Blender\\5.2\\extensions\\.local\\lib\\python3.13\\site-packages\\websockets-16.0.dist-info\\top_level.txt', PermissionError(13, 'Access is denied'))
Failed to remove: (<built-in function unlink>, 'C:\\Users\\Andre\\AppData\\Roaming\\Blender Foundation\\Blender\\5.2\\extensions\\.local\\lib\\python3.13\\site-packages\\websockets-16.0.dist-info\\WHEEL', PermissionError(13, 'Access is denied'))
Failed to remove: (<built-in function rmdir>, 'C:\\Users\\Andre\\AppData\\Roaming\\Blender Foundation\\Blender\\5.2\\extensions\\.local\\lib\\python3.13\\site-packages\\websockets-16.0.dist-info', PermissionError(13, 'Access is denied'))
Failed to remove: (<built-in function unlink>, 'C:\\Users\\Andre\\AppData\\Roaming\\Blender Foundation\\Blender\\5.2\\extensions\\.local\\lib\\python3.13\\site-packages\\websockets\\asyncio\\async_timeout.py', PermissionError(13, 'Access is denied'))
Failed to remove: (<built-in function unlink>, 'C:\\Users\\Andre\\AppData\\Roaming\\Blender Foundation\\Blender\\5.2\\extensions\\.local\\lib\\python3.13\\site-packages\\websockets\\asyncio\\client.py', PermissionError(13, 'Access is denied'))
Failed to remove: (<built-in function unlink>, 'C:\\Users\\Andre\\AppData\\Roaming\\Blender Foundation\\Blender\\5.2\\extensions\\.local\\lib\\python3.13\\site-packages\\websockets\\asyncio\\compatibility.py', PermissionError(13, 'Access is denied'))
Failed to remove: (<built-in function unlink>, 'C:\\Users\\Andre\\AppData\\Roaming\\Blender Foundation\\Blender\\5.2\\extensions\\.local\\lib\\python3.13\\site-packages\\websockets\\asyncio\\connection.py', PermissionError(13, 'Access is denied'))
Failed to remove: (<built-in function unlink>, 'C:\\Users\\Andre\\AppData\\Roaming\\Blender Foundation\\Blender\\5.2\\extensions\\.local\\lib\\python3.13\\site-packages\\websockets\\asyncio\\messages.py', PermissionError(13, 'Access is denied'))
Failed to remove: (<built-in function unlink>, 'C:\\Users\\Andre\\AppData\\Roaming\\Blender Foundation\\Blender\\5.2\\extensions\\.local\\lib\\python3.13\\site-packages\\websockets\\asyncio\\router.py', PermissionError(13, 'Access is denied'))
Failed to remove: (<built-in function unlink>, 'C:\\Users\\Andre\\AppData\\Roaming\\Blender Foundation\\Blender\\5.2\\extensions\\.local\\lib\\python3.13\\site-packages\\websockets\\asyncio\\server.py', PermissionError(13, 'Access is denied'))
Failed to remove: (<built-in function unlink>, 'C:\\Users\\Andre\\AppData\\Roaming\\Blender Foundation\\Blender\\5.2\\extensions\\.local\\lib\\python3.13\\site-packages\\websockets\\asyncio\\__init__.py', PermissionError(13, 'Access is denied'))
Failed to remove: (<built-in function unlink>, 'C:\\Users\\Andre\\AppData\\Roaming\\Blender Foundation\\Blender\\5.2\\extensions\\.local\\lib\\python3.13\\site-packages\\websockets\\extensions\\base.py', PermissionError(13, 'Access is denied'))
Failed to remove: (<built-in function unlink>, 'C:\\Users\\Andre\\AppData\\Roaming\\Blender Foundation\\Blender\\5.2\\extensions\\.local\\lib\\python3.13\\site-packages\\websockets\\extensions\\permessage_deflate.py', PermissionError(13, 'Access is denied'))
Failed to remove: (<built-in function unlink>, 'C:\\Users\\Andre\\AppData\\Roaming\\Blender Foundation\\Blender\\5.2\\extensions\\.local\\lib\\python3.13\\site-packages\\websockets\\extensions\\__init__.py', PermissionError(13, 'Access is denied'))
Failed to remove: (<built-in function unlink>, 'C:\\Users\\Andre\\AppData\\Roaming\\Blender Foundation\\Blender\\5.2\\extensions\\.local\\lib\\python3.13\\site-packages\\websockets\\legacy\\auth.py', PermissionError(13, 'Access is denied'))
Failed to remove: (<built-in function unlink>, 'C:\\Users\\Andre\\AppData\\Roaming\\Blender Foundation\\Blender\\5.2\\extensions\\.local\\lib\\python3.13\\site-packages\\websockets\\legacy\\client.py', PermissionError(13, 'Access is denied'))
Failed to remove: (<built-in function unlink>, 'C:\\Users\\Andre\\AppData\\Roaming\\Blender Foundation\\Blender\\5.2\\extensions\\.local\\lib\\python3.13\\site-packages\\websockets\\legacy\\exceptions.py', PermissionError(13, 'Access is denied'))
Failed to remove: (<built-in function unlink>, 'C:\\Users\\Andre\\AppData\\Roaming\\Blender Foundation\\Blender\\5.2\\extensions\\.local\\lib\\python3.13\\site-packages\\websockets\\legacy\\framing.py', PermissionError(13, 'Access is denied'))
Failed to remove: (<built-in function unlink>, 'C:\\Users\\Andre\\AppData\\Roaming\\Blender Foundation\\Blender\\5.2\\extensions\\.local\\lib\\python3.13\\site-packages\\websockets\\legacy\\handshake.py', PermissionError(13, 'Access is denied'))
Failed to remove: (<built-in function unlink>, 'C:\\Users\\Andre\\AppData\\Roaming\\Blender Foundation\\Blender\\5.2\\extensions\\.local\\lib\\python3.13\\site-packages\\websockets\\legacy\\http.py', PermissionError(13, 'Access is denied'))
Failed to remove: (<built-in function unlink>, 'C:\\Users\\Andre\\AppData\\Roaming\\Blender Foundation\\Blender\\5.2\\extensions\\.local\\lib\\python3.13\\site-packages\\websockets\\legacy\\protocol.py', PermissionError(13, 'Access is denied'))
Failed to remove: (<built-in function unlink>, 'C:\\Users\\Andre\\AppData\\Roaming\\Blender Foundation\\Blender\\5.2\\extensions\\.local\\lib\\python3.13\\site-packages\\websockets\\legacy\\server.py', PermissionError(13, 'Access is denied'))
Failed to remove: (<built-in function unlink>, 'C:\\Users\\Andre\\AppData\\Roaming\\Blender Foundation\\Blender\\5.2\\extensions\\.local\\lib\\python3.13\\site-packages\\websockets\\legacy\\__init__.py', PermissionError(13, 'Access is denied'))
Failed to remove: (<built-in function unlink>, 'C:\\Users\\Andre\\AppData\\Roaming\\Blender Foundation\\Blender\\5.2\\extensions\\.local\\lib\\python3.13\\site-packages\\websockets\\sync\\client.py', PermissionError(13, 'Access is denied'))
Failed to remove: (<built-in function unlink>, 'C:\\Users\\Andre\\AppData\\Roaming\\Blender Foundation\\Blender\\5.2\\extensions\\.local\\lib\\python3.13\\site-packages\\websockets\\sync\\connection.py', PermissionError(13, 'Access is denied'))
Failed to remove: (<built-in function unlink>, 'C:\\Users\\Andre\\AppData\\Roaming\\Blender Foundation\\Blender\\5.2\\extensions\\.local\\lib\\python3.13\\site-packages\\websockets\\sync\\messages.py', PermissionError(13, 'Access is denied'))00:02.109  image.write      | ERROR OpenImageIO write failed: Could not open file "\.thumbnails\large\blender_8900_3e384237312e74dbba9756e0680f3633.png.png"

Failed to remove: (<built-in function unlink>, 'C:\\Users\\Andre\\AppData\\Roaming\\Blender Foundation\\Blender\\5.2\\extensions\\.local\\lib\\python3.13\\site-packages\\websockets\\sync\\router.py', PermissionError(13, 'Access is denied'))
Failed to remove: (<built-in function unlink>, 'C:\\Users\\Andre\\AppData\\Roaming\\Blender Foundation\\Blender\\5.2\\extensions\\.local\\lib\\python3.13\\site-packages\\websockets\\sync\\server.py', PermissionError(13, 'Access is denied'))
Failed to remove: (<built-in function unlink>, 'C:\\Users\\Andre\\AppData\\Roaming\\Blender Foundation\\Blender\\5.2\\extensions\\.local\\lib\\python3.13\\site-packages\\websockets\\sync\\utils.py', PermissionError(13, 'Access is denied'))
Failed to remove: (<built-in function unlink>, 'C:\\Users\\Andre\\AppData\\Roaming\\Blender Foundation\\Blender\\5.2\\extensions\\.local\\lib\\python3.13\\site-packages\\websockets\\sync\\__init__.py', PermissionError(13, 'Access is denied'))
Failed to remove: (<built-in function rmdir>, 'C:\\Users\\Andre\\AppData\\Roaming\\Blender Foundation\\Blender\\5.2\\extensions\\.local\\lib\\python3.13\\site-packages\\websockets\\asyncio', PermissionError(13, 'Access is denied'))
Failed to remove: (<built-in function rmdir>, 'C:\\Users\\Andre\\AppData\\Roaming\\Blender Foundation\\Blender\\5.2\\extensions\\.local\\lib\\python3.13\\site-packages\\websockets\\extensions', PermissionError(13, 'Access is denied'))
Failed to remove: (<built-in function rmdir>, 'C:\\Users\\Andre\\AppData\\Roaming\\Blender Foundation\\Blender\\5.2\\extensions\\.local\\lib\\python3.13\\site-packages\\websockets\\legacy', PermissionError(13, 'Access is denied'))
Failed to remove: (<built-in function rmdir>, 'C:\\Users\\Andre\\AppData\\Roaming\\Blender Foundation\\Blender\\5.2\\extensions\\.local\\lib\\python3.13\\site-packages\\websockets\\sync', PermissionError(13, 'Access is denied'))
Failed to remove: (<built-in function unlink>, 'C:\\Users\\Andre\\AppData\\Roaming\\Blender Foundation\\Blender\\5.2\\extensions\\.local\\lib\\python3.13\\site-packages\\websockets\\auth.py', PermissionError(13, 'Access is denied'))
Failed to remove: (<built-in function unlink>, 'C:\\Users\\Andre\\AppData\\Roaming\\Blender Foundation\\Blender\\5.2\\extensions\\.local\\lib\\python3.13\\site-packages\\websockets\\cli.py', PermissionError(13, 'Access is denied'))
Failed to remove: (<built-in function unlink>, 'C:\\Users\\Andre\\AppData\\Roaming\\Blender Foundation\\Blender\\5.2\\extensions\\.local\\lib\\python3.13\\site-packages\\websockets\\client.py', PermissionError(13, 'Access is denied'))
Failed to remove: (<built-in function unlink>, 'C:\\Users\\Andre\\AppData\\Roaming\\Blender Foundation\\Blender\\5.2\\extensions\\.local\\lib\\python3.13\\site-packages\\websockets\\connection.py', PermissionError(13, 'Access is denied'))
Failed to remove: (<built-in function unlink>, 'C:\\Users\\Andre\\AppData\\Roaming\\Blender Foundation\\Blender\\5.2\\extensions\\.local\\lib\\python3.13\\site-packages\\websockets\\datastructures.py', PermissionError(13, 'Access is denied'))
Failed to remove: (<built-in function unlink>, 'C:\\Users\\Andre\\AppData\\Roaming\\Blender Foundation\\Blender\\5.2\\extensions\\.local\\lib\\python3.13\\site-packages\\websockets\\exceptions.py', PermissionError(13, 'Access is denied'))
Failed to remove: (<built-in function unlink>, 'C:\\Users\\Andre\\AppData\\Roaming\\Blender Foundation\\Blender\\5.2\\extensions\\.local\\lib\\python3.13\\site-packages\\websockets\\frames.py', PermissionError(13, 'Access is denied'))
Failed to remove: (<built-in function unlink>, 'C:\\Users\\Andre\\AppData\\Roaming\\Blender Foundation\\Blender\\5.2\\extensions\\.local\\lib\\python3.13\\site-packages\\websockets\\headers.py', PermissionError(13, 'Access is denied'))
Failed to remove: (<built-in function unlink>, 'C:\\Users\\Andre\\AppData\\Roaming\\Blender Foundation\\Blender\\5.2\\extensions\\.local\\lib\\python3.13\\site-packages\\websockets\\http.py', PermissionError(13, 'Access is denied'))
Failed to remove: (<built-in function unlink>, 'C:\\Users\\Andre\\AppData\\Roaming\\Blender Foundation\\Blender\\5.2\\extensions\\.local\\lib\\python3.13\\site-packages\\websockets\\http11.py', PermissionError(13, 'Access is denied'))
Failed to remove: (<built-in function unlink>, 'C:\\Users\\Andre\\AppData\\Roaming\\Blender Foundation\\Blender\\5.2\\extensions\\.local\\lib\\python3.13\\site-packages\\websockets\\imports.py', PermissionError(13, 'Access is denied'))
Failed to remove: (<built-in function unlink>, 'C:\\Users\\Andre\\AppData\\Roaming\\Blender Foundation\\Blender\\5.2\\extensions\\.local\\lib\\python3.13\\site-packages\\websockets\\protocol.py', PermissionError(13, 'Access is denied'))
Failed to remove: (<built-in function unlink>, 'C:\\Users\\Andre\\AppData\\Roaming\\Blender Foundation\\Blender\\5.2\\extensions\\.local\\lib\\python3.13\\site-packages\\websockets\\proxy.py', PermissionError(13, 'Access is denied'))
Failed to remove: (<built-in function unlink>, 'C:\\Users\\Andre\\AppData\\Roaming\\Blender Foundation\\Blender\\5.2\\extensions\\.local\\lib\\python3.13\\site-packages\\websockets\\py.typed', PermissionError(13, 'Access is denied'))
Failed to remove: (<built-in function unlink>, 'C:\\Users\\Andre\\AppData\\Roaming\\Blender Foundation\\Blender\\5.2\\extensions\\.local\\lib\\python3.13\\site-packages\\websockets\\server.py', PermissionError(13, 'Access is denied'))
Failed to remove: (<built-in function unlink>, 'C:\\Users\\Andre\\AppData\\Roaming\\Blender Foundation\\Blender\\5.2\\extensions\\.local\\lib\\python3.13\\site-packages\\websockets\\speedups.c', PermissionError(13, 'Access is denied'))
Failed to remove: (<built-in function unlink>, 'C:\\Users\\Andre\\AppData\\Roaming\\Blender Foundation\\Blender\\5.2\\extensions\\.local\\lib\\python3.13\\site-packages\\websockets\\speedups.pyi', PermissionError(13, 'Access is denied'))
Failed to remove: (<built-in function unlink>, 'C:\\Users\\Andre\\AppData\\Roaming\\Blender Foundation\\Blender\\5.2\\extensions\\.local\\lib\\python3.13\\site-packages\\websockets\\streams.py', PermissionError(13, 'Access is denied'))
Failed to remove: (<built-in function unlink>, 'C:\\Users\\Andre\\AppData\\Roaming\\Blender Foundation\\Blender\\5.2\\extensions\\.local\\lib\\python3.13\\site-packages\\websockets\\typing.py', PermissionError(13, 'Access is denied'))
Failed to remove: (<built-in function unlink>, 'C:\\Users\\Andre\\AppData\\Roaming\\Blender Foundation\\Blender\\5.2\\extensions\\.local\\lib\\python3.13\\site-packages\\websockets\\uri.py', PermissionError(13, 'Access is denied'))
Failed to remove: (<built-in function unlink>, 'C:\\Users\\Andre\\AppData\\Roaming\\Blender Foundation\\Blender\\5.2\\extensions\\.local\\lib\\python3.13\\site-packages\\websockets\\utils.py', PermissionError(13, 'Access is denied'))
Failed to remove: (<built-in function unlink>, 'C:\\Users\\Andre\\AppData\\Roaming\\Blender Foundation\\Blender\\5.2\\extensions\\.local\\lib\\python3.13\\site-packages\\websockets\\version.py', PermissionError(13, 'Access is denied'))
Failed to remove: (<built-in function unlink>, 'C:\\Users\\Andre\\AppData\\Roaming\\Blender Foundation\\Blender\\5.2\\extensions\\.local\\lib\\python3.13\\site-packages\\websockets\\__init__.py', PermissionError(13, 'Access is denied'))
Failed to remove: (<built-in function unlink>, 'C:\\Users\\Andre\\AppData\\Roaming\\Blender Foundation\\Blender\\5.2\\extensions\\.local\\lib\\python3.13\\site-packages\\websockets\\__main__.py', PermissionError(13, 'Access is denied'))
Failed to remove: (<built-in function rmdir>, 'C:\\Users\\Andre\\AppData\\Roaming\\Blender Foundation\\Blender\\5.2\\extensions\\.local\\lib\\python3.13\\site-packages\\websockets', PermissionError(13, 'Access is denied'))
Unable to set stale files pending: [Errno 13] Permission denied: 'C:\\Users\\Andre\\AppData\\Roaming\\Blender Foundation\\Blender\\5.2\\config\\stale-pending'
FBX version: 7400

FBX export starting... 'E:\\Repo\\UE\\Projects\\MetaHumanTo3DCharacter\\Working\\Phase4A\\Geometry\\MixamoRecovered\\Lara_Geometry.fbx'
export finished in 0.0346 sec.
Info: Saved as "Lara_Geometry.blend"
Extensions: writing cache failed ([Errno 13] Permission denied: 'C:\\Users\\Andre\\AppData\\Roaming\\Blender Foundation\\Blender\\5.2\\extensions\\.cache\\compat.dat').
Failed to remove: (<built-in function unlink>, 'C:\\Users\\Andre\\AppData\\Roaming\\Blender Foundation\\Blender\\5.2\\extensions\\.local\\lib\\python3.13\\site-packages\\aiofiles-25.1.0.dist-info\\licenses\\LICENSE', PermissionError(13, 'Access is denied'))
Failed to remove: (<built-in function unlink>, 'C:\\Users\\Andre\\AppData\\Roaming\\Blender Foundation\\Blender\\5.2\\extensions\\.local\\lib\\python3.13\\site-packages\\aiofiles-25.1.0.dist-info\\licenses\\NOTICE', PermissionError(13, 'Access is denied'))
Failed to remove: (<built-in function rmdir>, 'C:\\Users\\Andre\\AppData\\Roaming\\Blender Foundation\\Blender\\5.2\\extensions\\.local\\lib\\python3.13\\site-packages\\aiofiles-25.1.0.dist-info\\licenses', PermissionError(13, 'Access is denied'))
Failed to remove: (<built-in function unlink>, 'C:\\Users\\Andre\\AppData\\Roaming\\Blender Foundation\\Blender\\5.2\\extensions\\.local\\lib\\python3.13\\site-packages\\aiofiles-25.1.0.dist-info\\METADATA', PermissionError(13, 'Access is denied'))
Failed to remove: (<built-in function unlink>, 'C:\\Users\\Andre\\AppData\\Roaming\\Blender Foundation\\Blender\\5.2\\extensions\\.local\\lib\\python3.13\\site-packages\\aiofiles-25.1.0.dist-info\\RECORD', PermissionError(13, 'Access is denied'))
Failed to remove: (<built-in function unlink>, 'C:\\Users\\Andre\\AppData\\Roaming\\Blender Foundation\\Blender\\5.2\\extensions\\.local\\lib\\python3.13\\site-packages\\aiofiles-25.1.0.dist-info\\WHEEL', PermissionError(13, 'Access is denied'))
Failed to remove: (<built-in function rmdir>, 'C:\\Users\\Andre\\AppData\\Roaming\\Blender Foundation\\Blender\\5.2\\extensions\\.local\\lib\\python3.13\\site-packages\\aiofiles-25.1.0.dist-info', PermissionError(13, 'Access is denied'))
Failed to remove: (<built-in function unlink>, 'C:\\Users\\Andre\\AppData\\Roaming\\Blender Foundation\\Blender\\5.2\\extensions\\.local\\lib\\python3.13\\site-packages\\aiofiles\\tempfile\\temptypes.py', PermissionError(13, 'Access is denied'))
Failed to remove: (<built-in function unlink>, 'C:\\Users\\Andre\\AppData\\Roaming\\Blender Foundation\\Blender\\5.2\\extensions\\.local\\lib\\python3.13\\site-packages\\aiofiles\\tempfile\\__init__.py', PermissionError(13, 'Access is denied'))
Failed to remove: (<built-in function unlink>, 'C:\\Users\\Andre\\AppData\\Roaming\\Blender Foundation\\Blender\\5.2\\extensions\\.local\\lib\\python3.13\\site-packages\\aiofiles\\threadpool\\binary.py', PermissionError(13, 'Access is denied'))
Failed to remove: (<built-in function unlink>, 'C:\\Users\\Andre\\AppData\\Roaming\\Blender Foundation\\Blender\\5.2\\extensions\\.local\\lib\\python3.13\\site-packages\\aiofiles\\threadpool\\text.py', PermissionError(13, 'Access is denied'))
Failed to remove: (<built-in function unlink>, 'C:\\Users\\Andre\\AppData\\Roaming\\Blender Foundation\\Blender\\5.2\\extensions\\.local\\lib\\python3.13\\site-packages\\aiofiles\\threadpool\\utils.py', PermissionError(13, 'Access is denied'))
Failed to remove: (<built-in function unlink>, 'C:\\Users\\Andre\\AppData\\Roaming\\Blender Foundation\\Blender\\5.2\\extensions\\.local\\lib\\python3.13\\site-packages\\aiofiles\\threadpool\\__init__.py', PermissionError(13, 'Access is denied'))
Failed to remove: (<built-in function rmdir>, 'C:\\Users\\Andre\\AppData\\Roaming\\Blender Foundation\\Blender\\5.2\\extensions\\.local\\lib\\python3.13\\site-packages\\aiofiles\\tempfile', PermissionError(13, 'Access is denied'))
Failed to remove: (<built-in function rmdir>, 'C:\\Users\\Andre\\AppData\\Roaming\\Blender Foundation\\Blender\\5.2\\extensions\\.local\\lib\\python3.13\\site-packages\\aiofiles\\threadpool', PermissionError(13, 'Access is denied'))
Failed to remove: (<built-in function unlink>, 'C:\\Users\\Andre\\AppData\\Roaming\\Blender Foundation\\Blender\\5.2\\extensions\\.local\\lib\\python3.13\\site-packages\\aiofiles\\base.py', PermissionError(13, 'Access is denied'))
Failed to remove: (<built-in function unlink>, 'C:\\Users\\Andre\\AppData\\Roaming\\Blender Foundation\\Blender\\5.2\\extensions\\.local\\lib\\python3.13\\site-packages\\aiofiles\\os.py', PermissionError(13, 'Access is denied'))
Failed to remove: (<built-in function unlink>, 'C:\\Users\\Andre\\AppData\\Roaming\\Blender Foundation\\Blender\\5.2\\extensions\\.local\\lib\\python3.13\\site-packages\\aiofiles\\ospath.py', PermissionError(13, 'Access is denied'))
Failed to remove: (<built-in function unlink>, 'C:\\Users\\Andre\\AppData\\Roaming\\Blender Foundation\\Blender\\5.2\\extensions\\.local\\lib\\python3.13\\site-packages\\aiofiles\\__init__.py', PermissionError(13, 'Access is denied'))
Failed to remove: (<built-in function rmdir>, 'C:\\Users\\Andre\\AppData\\Roaming\\Blender Foundation\\Blender\\5.2\\extensions\\.local\\lib\\python3.13\\site-packages\\aiofiles', PermissionError(13, 'Access is denied'))
Failed to remove: (<built-in function unlink>, 'C:\\Users\\Andre\\AppData\\Roaming\\Blender Foundation\\Blender\\5.2\\extensions\\.local\\lib\\python3.13\\site-packages\\anyio-4.13.0.dist-info\\licenses\\LICENSE', PermissionError(13, 'Access is denied'))
Failed to remove: (<built-in function rmdir>, 'C:\\Users\\Andre\\AppData\\Roaming\\Blender Foundation\\Blender\\5.2\\extensions\\.local\\lib\\python3.13\\site-packages\\anyio-4.13.0.dist-info\\licenses', PermissionError(13, 'Access is denied'))
Failed to remove: (<built-in function unlink>, 'C:\\Users\\Andre\\AppData\\Roaming\\Blender Foundation\\Blender\\5.2\\extensions\\.local\\lib\\python3.13\\site-packages\\anyio-4.13.0.dist-info\\entry_points.txt', PermissionError(13, 'Access is denied'))
Failed to remove: (<built-in function unlink>, 'C:\\Users\\Andre\\AppData\\Roaming\\Blender Foundation\\Blender\\5.2\\extensions\\.local\\lib\\python3.13\\site-packages\\anyio-4.13.0.dist-info\\METADATA', PermissionError(13, 'Access is denied'))
Failed to remove: (<built-in function unlink>, 'C:\\Users\\Andre\\AppData\\Roaming\\Blender Foundation\\Blender\\5.2\\extensions\\.local\\lib\\python3.13\\site-packages\\anyio-4.13.0.dist-info\\RECORD', PermissionError(13, 'Access is denied'))
Failed to remove: (<built-in function unlink>, 'C:\\Users\\Andre\\AppData\\Roaming\\Blender Foundation\\Blender\\5.2\\extensions\\.local\\lib\\python3.13\\site-packages\\anyio-4.13.0.dist-info\\top_level.txt', PermissionError(13, 'Access is denied'))
Failed to remove: (<built-in function unlink>, 'C:\\Users\\Andre\\AppData\\Roaming\\Blender Foundation\\Blender\\5.2\\extensions\\.local\\lib\\python3.13\\site-packages\\anyio-4.13.0.dist-info\\WHEEL', PermissionError(13, 'Access is denied'))
Failed to remove: (<built-in function rmdir>, 'C:\\Users\\Andre\\AppData\\Roaming\\Blender Foundation\\Blender\\5.2\\extensions\\.local\\lib\\python3.13\\site-packages\\anyio-4.13.0.dist-info', PermissionError(13, 'Access is denied'))
Failed to remove: (<built-in function unlink>, 'C:\\Users\\Andre\\AppData\\Roaming\\Blender Foundation\\Blender\\5.2\\extensions\\.local\\lib\\python3.13\\site-packages\\anyio\\abc\\_eventloop.py', PermissionError(13, 'Access is denied'))
Failed to remove: (<built-in function unlink>, 'C:\\Users\\Andre\\AppData\\Roaming\\Blender Foundation\\Blender\\5.2\\extensions\\.local\\lib\\python3.13\\site-packages\\anyio\\abc\\_resources.py', PermissionError(13, 'Access is denied'))
Failed to remove: (<built-in function unlink>, 'C:\\Users\\Andre\\AppData\\Roaming\\Blender Foundation\\Blender\\5.2\\extensions\\.local\\lib\\python3.13\\site-packages\\anyio\\abc\\_sockets.py', PermissionError(13, 'Access is denied'))
Failed to remove: (<built-in function unlink>, 'C:\\Users\\Andre\\AppData\\Roaming\\Blender Foundation\\Blender\\5.2\\extensions\\.local\\lib\\python3.13\\site-packages\\anyio\\abc\\_streams.py', PermissionError(13, 'Access is denied'))
Failed to remove: (<built-in function unlink>, 'C:\\Users\\Andre\\AppData\\Roaming\\Blender Foundation\\Blender\\5.2\\extensions\\.local\\lib\\python3.13\\site-packages\\anyio\\abc\\_subprocesses.py', PermissionError(13, 'Access is denied'))
Failed to remove: (<built-in function unlink>, 'C:\\Users\\Andre\\AppData\\Roaming\\Blender Foundation\\Blender\\5.2\\extensions\\.local\\lib\\python3.13\\site-packages\\anyio\\abc\\_tasks.py', PermissionError(13, 'Access is denied'))
Failed to remove: (<built-in function unlink>, 'C:\\Users\\Andre\\AppData\\Roaming\\Blender Foundation\\Blender\\5.2\\extensions\\.local\\lib\\python3.13\\site-packages\\anyio\\abc\\_testing.py', PermissionError(13, 'Access is denied'))
Failed to remove: (<built-in function unlink>, 'C:\\Users\\Andre\\AppData\\Roaming\\Blender Foundation\\Blender\\5.2\\extensions\\.local\\lib\\python3.13\\site-packages\\anyio\\abc\\__init__.py', PermissionError(13, 'Access is denied'))
Failed to remove: (<built-in function unlink>, 'C:\\Users\\Andre\\AppData\\Roaming\\Blender Foundation\\Blender\\5.2\\extensions\\.local\\lib\\python3.13\\site-packages\\anyio\\streams\\buffered.py', PermissionError(13, 'Access is denied'))
Failed to remove: (<built-in function unlink>, 'C:\\Users\\Andre\\AppData\\Roaming\\Blender Foundation\\Blender\\5.2\\extensions\\.local\\lib\\python3.13\\site-packages\\anyio\\streams\\file.py', PermissionError(13, 'Access is denied'))
Failed to remove: (<built-in function unlink>, 'C:\\Users\\Andre\\AppData\\Roaming\\Blender Foundation\\Blender\\5.2\\extensions\\.local\\lib\\python3.13\\site-packages\\anyio\\streams\\memory.py', PermissionError(13, 'Access is denied'))
Failed to remove: (<built-in function unlink>, 'C:\\Users\\Andre\\AppData\\Roaming\\Blender Foundation\\Blender\\5.2\\extensions\\.local\\lib\\python3.13\\site-packages\\anyio\\streams\\stapled.py', PermissionError(13, 'Access is denied'))
Failed to remove: (<built-in function unlink>, 'C:\\Users\\Andre\\AppData\\Roaming\\Blender Foundation\\Blender\\5.2\\extensions\\.local\\lib\\python3.13\\site-packages\\anyio\\streams\\text.py', PermissionError(13, 'Access is denied'))
Failed to remove: (<built-in function unlink>, 'C:\\Users\\Andre\\AppData\\Roaming\\Blender Foundation\\Blender\\5.2\\extensions\\.local\\lib\\python3.13\\site-packages\\anyio\\streams\\tls.py', PermissionError(13, 'Access is denied'))
Failed to remove: (<built-in function unlink>, 'C:\\Users\\Andre\\AppData\\Roaming\\Blender Foundation\\Blender\\5.2\\extensions\\.local\\lib\\python3.13\\site-packages\\anyio\\streams\\__init__.py', PermissionError(13, 'Access is denied'))
Failed to remove: (<built-in function unlink>, 'C:\\Users\\Andre\\AppData\\Roaming\\Blender Foundation\\Blender\\5.2\\extensions\\.local\\lib\\python3.13\\site-packages\\anyio\\_backends\\_asyncio.py', PermissionError(13, 'Access is denied'))
Failed to remove: (<built-in function unlink>, 'C:\\Users\\Andre\\AppData\\Roaming\\Blender Foundation\\Blender\\5.2\\extensions\\.local\\lib\\python3.13\\site-packages\\anyio\\_backends\\_trio.py', PermissionError(13, 'Access is denied'))
Failed to remove: (<built-in function unlink>, 'C:\\Users\\Andre\\AppData\\Roaming\\Blender Foundation\\Blender\\5.2\\extensions\\.local\\lib\\python3.13\\site-packages\\anyio\\_backends\\__init__.py', PermissionError(13, 'Access is denied'))
Failed to remove: (<built-in function unlink>, 'C:\\Users\\Andre\\AppData\\Roaming\\Blender Foundation\\Blender\\5.2\\extensions\\.local\\lib\\python3.13\\site-packages\\anyio\\_core\\_asyncio_selector_thread.py', PermissionError(13, 'Access is denied'))
Failed to remove: (<built-in function unlink>, 'C:\\Users\\Andre\\AppData\\Roaming\\Blender Foundation\\Blender\\5.2\\extensions\\.local\\lib\\python3.13\\site-packages\\anyio\\_core\\_contextmanagers.py', PermissionError(13, 'Access is denied'))
Failed to remove: (<built-in function unlink>, 'C:\\Users\\Andre\\AppData\\Roaming\\Blender Foundation\\Blender\\5.2\\extensions\\.local\\lib\\python3.13\\site-packages\\anyio\\_core\\_eventloop.py', PermissionError(13, 'Access is denied'))
Failed to remove: (<built-in function unlink>, 'C:\\Users\\Andre\\AppData\\Roaming\\Blender Foundation\\Blender\\5.2\\extensions\\.local\\lib\\python3.13\\site-packages\\anyio\\_core\\_exceptions.py', PermissionError(13, 'Access is denied'))
Failed to remove: (<built-in function unlink>, 'C:\\Users\\Andre\\AppData\\Roaming\\Blender Foundation\\Blender\\5.2\\extensions\\.local\\lib\\python3.13\\site-packages\\anyio\\_core\\_fileio.py', PermissionError(13, 'Access is denied'))
Failed to remove: (<built-in function unlink>, 'C:\\Users\\Andre\\AppData\\Roaming\\Blender Foundation\\Blender\\5.2\\extensions\\.local\\lib\\python3.13\\site-packages\\anyio\\_core\\_resources.py', PermissionError(13, 'Access is denied'))
Failed to remove: (<built-in function unlink>, 'C:\\Users\\Andre\\AppData\\Roaming\\Blender Foundation\\Blender\\5.2\\extensions\\.local\\lib\\python3.13\\site-packages\\anyio\\_core\\_signals.py', PermissionError(13, 'Access is denied'))
Failed to remove: (<built-in function unlink>, 'C:\\Users\\Andre\\AppData\\Roaming\\Blender Foundation\\Blender\\5.2\\extensions\\.local\\lib\\python3.13\\site-packages\\anyio\\_core\\_sockets.py', PermissionError(13, 'Access is denied'))
Failed to remove: (<built-in function unlink>, 'C:\\Users\\Andre\\AppData\\Roaming\\Blender Foundation\\Blender\\5.2\\extensions\\.local\\lib\\python3.13\\site-packages\\anyio\\_core\\_streams.py', PermissionError(13, 'Access is denied'))
Failed to remove: (<built-in function unlink>, 'C:\\Users\\Andre\\AppData\\Roaming\\Blender Foundation\\Blender\\5.2\\extensions\\.local\\lib\\python3.13\\site-packages\\anyio\\_core\\_subprocesses.py', PermissionError(13, 'Access is denied'))
Failed to remove: (<built-in function unlink>, 'C:\\Users\\Andre\\AppData\\Roaming\\Blender Foundation\\Blender\\5.2\\extensions\\.local\\lib\\python3.13\\site-packages\\anyio\\_core\\_synchronization.py', PermissionError(13, 'Access is denied'))
Failed to remove: (<built-in function unlink>, 'C:\\Users\\Andre\\AppData\\Roaming\\Blender Foundation\\Blender\\5.2\\extensions\\.local\\lib\\python3.13\\site-packages\\anyio\\_core\\_tasks.py', PermissionError(13, 'Access is denied'))
Failed to remove: (<built-in function unlink>, 'C:\\Users\\Andre\\AppData\\Roaming\\Blender Foundation\\Blender\\5.2\\extensions\\.local\\lib\\python3.13\\site-packages\\anyio\\_core\\_tempfile.py', PermissionError(13, 'Access is denied'))
Failed to remove: (<built-in function unlink>, 'C:\\Users\\Andre\\AppData\\Roaming\\Blender Foundation\\Blender\\5.2\\extensions\\.local\\lib\\python3.13\\site-packages\\anyio\\_core\\_testing.py', PermissionError(13, 'Access is denied'))
Failed to remove: (<built-in function unlink>, 'C:\\Users\\Andre\\AppData\\Roaming\\Blender Foundation\\Blender\\5.2\\extensions\\.local\\lib\\python3.13\\site-packages\\anyio\\_core\\_typedattr.py', PermissionError(13, 'Access is denied'))
Failed to remove: (<built-in function unlink>, 'C:\\Users\\Andre\\AppData\\Roaming\\Blender Foundation\\Blender\\5.2\\extensions\\.local\\lib\\python3.13\\site-packages\\anyio\\_core\\__init__.py', PermissionError(13, 'Access is denied'))
Failed to remove: (<built-in function rmdir>, 'C:\\Users\\Andre\\AppData\\Roaming\\Blender Foundation\\Blender\\5.2\\extensions\\.local\\lib\\python3.13\\site-packages\\anyio\\abc', PermissionError(13, 'Access is denied'))
Failed to remove: (<built-in function rmdir>, 'C:\\Users\\Andre\\AppData\\Roaming\\Blender Foundation\\Blender\\5.2\\extensions\\.local\\lib\\python3.13\\site-packages\\anyio\\streams', PermissionError(13, 'Access is denied'))
Failed to remove: (<built-in function rmdir>, 'C:\\Users\\Andre\\AppData\\Roaming\\Blender Foundation\\Blender\\5.2\\extensions\\.local\\lib\\python3.13\\site-packages\\anyio\\_backends', PermissionError(13, 'Access is denied'))
Failed to remove: (<built-in function rmdir>, 'C:\\Users\\Andre\\AppData\\Roaming\\Blender Foundation\\Blender\\5.2\\extensions\\.local\\lib\\python3.13\\site-packages\\anyio\\_core', PermissionError(13, 'Access is denied'))
Failed to remove: (<built-in function unlink>, 'C:\\Users\\Andre\\AppData\\Roaming\\Blender Foundation\\Blender\\5.2\\extensions\\.local\\lib\\python3.13\\site-packages\\anyio\\from_thread.py', PermissionError(13, 'Access is denied'))
Failed to remove: (<built-in function unlink>, 'C:\\Users\\Andre\\AppData\\Roaming\\Blender Foundation\\Blender\\5.2\\extensions\\.local\\lib\\python3.13\\site-packages\\anyio\\functools.py', PermissionError(13, 'Access is denied'))
Failed to remove: (<built-in function unlink>, 'C:\\Users\\Andre\\AppData\\Roaming\\Blender Foundation\\Blender\\5.2\\extensions\\.local\\lib\\python3.13\\site-packages\\anyio\\lowlevel.py', PermissionError(13, 'Access is denied'))
Failed to remove: (<built-in function unlink>, 'C:\\Users\\Andre\\AppData\\Roaming\\Blender Foundation\\Blender\\5.2\\extensions\\.local\\lib\\python3.13\\site-packages\\anyio\\py.typed', PermissionError(13, 'Access is denied'))
Failed to remove: (<built-in function unlink>, 'C:\\Users\\Andre\\AppData\\Roaming\\Blender Foundation\\Blender\\5.2\\extensions\\.local\\lib\\python3.13\\site-packages\\anyio\\pytest_plugin.py', PermissionError(13, 'Access is denied'))
Failed to remove: (<built-in function unlink>, 'C:\\Users\\Andre\\AppData\\Roaming\\Blender Foundation\\Blender\\5.2\\extensions\\.local\\lib\\python3.13\\site-packages\\anyio\\to_interpreter.py', PermissionError(13, 'Access is denied'))
Failed to remove: (<built-in function unlink>, 'C:\\Users\\Andre\\AppData\\Roaming\\Blender Foundation\\Blender\\5.2\\extensions\\.local\\lib\\python3.13\\site-packages\\anyio\\to_process.py', PermissionError(13, 'Access is denied'))
Failed to remove: (<built-in function unlink>, 'C:\\Users\\Andre\\AppData\\Roaming\\Blender Foundation\\Blender\\5.2\\extensions\\.local\\lib\\python3.13\\site-packages\\anyio\\to_thread.py', PermissionError(13, 'Access is denied'))
Failed to remove: (<built-in function unlink>, 'C:\\Users\\Andre\\AppData\\Roaming\\Blender Foundation\\Blender\\5.2\\extensions\\.local\\lib\\python3.13\\site-packages\\anyio\\__init__.py', PermissionError(13, 'Access is denied'))
Failed to remove: (<built-in function rmdir>, 'C:\\Users\\Andre\\AppData\\Roaming\\Blender Foundation\\Blender\\5.2\\extensions\\.local\\lib\\python3.13\\site-packages\\anyio', PermissionError(13, 'Access is denied'))
Failed to remove: (<built-in function unlink>, 'C:\\Users\\Andre\\AppData\\Roaming\\Blender Foundation\\Blender\\5.2\\extensions\\.local\\lib\\python3.13\\site-packages\\asyncstdlib-3.14.0.dist-info\\licenses\\LICENSE', PermissionError(13, 'Access is denied'))
Failed to remove: (<built-in function rmdir>, 'C:\\Users\\Andre\\AppData\\Roaming\\Blender Foundation\\Blender\\5.2\\extensions\\.local\\lib\\python3.13\\site-packages\\asyncstdlib-3.14.0.dist-info\\licenses', PermissionError(13, 'Access is denied'))
Failed to remove: (<built-in function unlink>, 'C:\\Users\\Andre\\AppData\\Roaming\\Blender Foundation\\Blender\\5.2\\extensions\\.local\\lib\\python3.13\\site-packages\\asyncstdlib-3.14.0.dist-info\\METADATA', PermissionError(13, 'Access is denied'))
Failed to remove: (<built-in function unlink>, 'C:\\Users\\Andre\\AppData\\Roaming\\Blender Foundation\\Blender\\5.2\\extensions\\.local\\lib\\python3.13\\site-packages\\asyncstdlib-3.14.0.dist-info\\RECORD', PermissionError(13, 'Access is denied'))
Failed to remove: (<built-in function unlink>, 'C:\\Users\\Andre\\AppData\\Roaming\\Blender Foundation\\Blender\\5.2\\extensions\\.local\\lib\\python3.13\\site-packages\\asyncstdlib-3.14.0.dist-info\\WHEEL', PermissionError(13, 'Access is denied'))
Failed to remove: (<built-in function rmdir>, 'C:\\Users\\Andre\\AppData\\Roaming\\Blender Foundation\\Blender\\5.2\\extensions\\.local\\lib\\python3.13\\site-packages\\asyncstdlib-3.14.0.dist-info', PermissionError(13, 'Access is denied'))
Failed to remove: (<built-in function unlink>, 'C:\\Users\\Andre\\AppData\\Roaming\\Blender Foundation\\Blender\\5.2\\extensions\\.local\\lib\\python3.13\\site-packages\\asyncstdlib\\asynctools.py', PermissionError(13, 'Access is denied'))
Failed to remove: (<built-in function unlink>, 'C:\\Users\\Andre\\AppData\\Roaming\\Blender Foundation\\Blender\\5.2\\extensions\\.local\\lib\\python3.13\\site-packages\\asyncstdlib\\builtins.py', PermissionError(13, 'Access is denied'))
Failed to remove: (<built-in function unlink>, 'C:\\Users\\Andre\\AppData\\Roaming\\Blender Foundation\\Blender\\5.2\\extensions\\.local\\lib\\python3.13\\site-packages\\asyncstdlib\\builtins.pyi', PermissionError(13, 'Access is denied'))
Failed to remove: (<built-in function unlink>, 'C:\\Users\\Andre\\AppData\\Roaming\\Blender Foundation\\Blender\\5.2\\extensions\\.local\\lib\\python3.13\\site-packages\\asyncstdlib\\contextlib.py', PermissionError(13, 'Access is denied'))
Failed to remove: (<built-in function unlink>, 'C:\\Users\\Andre\\AppData\\Roaming\\Blender Foundation\\Blender\\5.2\\extensions\\.local\\lib\\python3.13\\site-packages\\asyncstdlib\\contextlib.pyi', PermissionError(13, 'Access is denied'))
Failed to remove: (<built-in function unlink>, 'C:\\Users\\Andre\\AppData\\Roaming\\Blender Foundation\\Blender\\5.2\\extensions\\.local\\lib\\python3.13\\site-packages\\asyncstdlib\\functools.py', PermissionError(13, 'Access is denied'))
Failed to remove: (<built-in function unlink>, 'C:\\Users\\Andre\\AppData\\Roaming\\Blender Foundation\\Blender\\5.2\\extensions\\.local\\lib\\python3.13\\site-packages\\asyncstdlib\\functools.pyi', PermissionError(13, 'Access is denied'))
Failed to remove: (<built-in function unlink>, 'C:\\Users\\Andre\\AppData\\Roaming\\Blender Foundation\\Blender\\5.2\\extensions\\.local\\lib\\python3.13\\site-packages\\asyncstdlib\\heapq.py', PermissionError(13, 'Access is denied'))
Failed to remove: (<built-in function unlink>, 'C:\\Users\\Andre\\AppData\\Roaming\\Blender Foundation\\Blender\\5.2\\extensions\\.local\\lib\\python3.13\\site-packages\\asyncstdlib\\heapq.pyi', PermissionError(13, 'Access is denied'))
Failed to remove: (<built-in function unlink>, 'C:\\Users\\Andre\\AppData\\Roaming\\Blender Foundation\\Blender\\5.2\\extensions\\.local\\lib\\python3.13\\site-packages\\asyncstdlib\\itertools.py', PermissionError(13, 'Access is denied'))
Failed to remove: (<built-in function unlink>, 'C:\\Users\\Andre\\AppData\\Roaming\\Blender Foundation\\Blender\\5.2\\extensions\\.local\\lib\\python3.13\\site-packages\\asyncstdlib\\itertools.pyi', PermissionError(13, 'Access is denied'))
Failed to remove: (<built-in function unlink>, 'C:\\Users\\Andre\\AppData\\Roaming\\Blender Foundation\\Blender\\5.2\\extensions\\.local\\lib\\python3.13\\site-packages\\asyncstdlib\\py.typed', PermissionError(13, 'Access is denied'))
Failed to remove: (<built-in function unlink>, 'C:\\Users\\Andre\\AppData\\Roaming\\Blender Foundation\\Blender\\5.2\\extensions\\.local\\lib\\python3.13\\site-packages\\asyncstdlib\\_core.py', PermissionError(13, 'Access is denied'))
Failed to remove: (<built-in function unlink>, 'C:\\Users\\Andre\\AppData\\Roaming\\Blender Foundation\\Blender\\5.2\\extensions\\.local\\lib\\python3.13\\site-packages\\asyncstdlib\\_lrucache.py', PermissionError(13, 'Access is denied'))
Failed to remove: (<built-in function unlink>, 'C:\\Users\\Andre\\AppData\\Roaming\\Blender Foundation\\Blender\\5.2\\extensions\\.local\\lib\\python3.13\\site-packages\\asyncstdlib\\_lrucache.pyi', PermissionError(13, 'Access is denied'))
Failed to remove: (<built-in function unlink>, 'C:\\Users\\Andre\\AppData\\Roaming\\Blender Foundation\\Blender\\5.2\\extensions\\.local\\lib\\python3.13\\site-packages\\asyncstdlib\\_typing.py', PermissionError(13, 'Access is denied'))
Failed to remove: (<built-in function unlink>, 'C:\\Users\\Andre\\AppData\\Roaming\\Blender Foundation\\Blender\\5.2\\extensions\\.local\\lib\\python3.13\\site-packages\\asyncstdlib\\_utility.py', PermissionError(13, 'Access is denied'))
Failed to remove: (<built-in function unlink>, 'C:\\Users\\Andre\\AppData\\Roaming\\Blender Foundation\\Blender\\5.2\\extensions\\.local\\lib\\python3.13\\site-packages\\asyncstdlib\\__init__.py', PermissionError(13, 'Access is denied'))
Failed to remove: (<built-in function rmdir>, 'C:\\Users\\Andre\\AppData\\Roaming\\Blender Foundation\\Blender\\5.2\\extensions\\.local\\lib\\python3.13\\site-packages\\asyncstdlib', PermissionError(13, 'Access is denied'))
Failed to remove: (<built-in function unlink>, 'C:\\Users\\Andre\\AppData\\Roaming\\Blender Foundation\\Blender\\5.2\\extensions\\.local\\lib\\python3.13\\site-packages\\certifi-2026.5.20.dist-info\\licenses\\LICENSE', PermissionError(13, 'Access is denied'))
Failed to remove: (<built-in function rmdir>, 'C:\\Users\\Andre\\AppData\\Roaming\\Blender Foundation\\Blender\\5.2\\extensions\\.local\\lib\\python3.13\\site-packages\\certifi-2026.5.20.dist-info\\licenses', PermissionError(13, 'Access is denied'))
Failed to remove: (<built-in function unlink>, 'C:\\Users\\Andre\\AppData\\Roaming\\Blender Foundation\\Blender\\5.2\\extensions\\.local\\lib\\python3.13\\site-packages\\certifi-2026.5.20.dist-info\\METADATA', PermissionError(13, 'Access is denied'))
Failed to remove: (<built-in function unlink>, 'C:\\Users\\Andre\\AppData\\Roaming\\Blender Foundation\\Blender\\5.2\\extensions\\.local\\lib\\python3.13\\site-packages\\certifi-2026.5.20.dist-info\\RECORD', PermissionError(13, 'Access is denied'))
Failed to remove: (<built-in function unlink>, 'C:\\Users\\Andre\\AppData\\Roaming\\Blender Foundation\\Blender\\5.2\\extensions\\.local\\lib\\python3.13\\site-packages\\certifi-2026.5.20.dist-info\\top_level.txt', PermissionError(13, 'Access is denied'))
Failed to remove: (<built-in function unlink>, 'C:\\Users\\Andre\\AppData\\Roaming\\Blender Foundation\\Blender\\5.2\\extensions\\.local\\lib\\python3.13\\site-packages\\certifi-2026.5.20.dist-info\\WHEEL', PermissionError(13, 'Access is denied'))
Failed to remove: (<built-in function rmdir>, 'C:\\Users\\Andre\\AppData\\Roaming\\Blender Foundation\\Blender\\5.2\\extensions\\.local\\lib\\python3.13\\site-packages\\certifi-2026.5.20.dist-info', PermissionError(13, 'Access is denied'))
Failed to remove: (<built-in function unlink>, 'C:\\Users\\Andre\\AppData\\Roaming\\Blender Foundation\\Blender\\5.2\\extensions\\.local\\lib\\python3.13\\site-packages\\certifi\\__pycache__\\core.cpython-313.pyc', PermissionError(13, 'Access is denied'))
Failed to remove: (<built-in function unlink>, 'C:\\Users\\Andre\\AppData\\Roaming\\Blender Foundation\\Blender\\5.2\\extensions\\.local\\lib\\python3.13\\site-packages\\certifi\\__pycache__\\__init__.cpython-313.pyc', PermissionError(13, 'Access is denied'))
Failed to remove: (<built-in function rmdir>, 'C:\\Users\\Andre\\AppData\\Roaming\\Blender Foundation\\Blender\\5.2\\extensions\\.local\\lib\\python3.13\\site-packages\\certifi\\__pycache__', PermissionError(13, 'Access is denied'))
Failed to remove: (<built-in function unlink>, 'C:\\Users\\Andre\\AppData\\Roaming\\Blender Foundation\\Blender\\5.2\\extensions\\.local\\lib\\python3.13\\site-packages\\certifi\\cacert.pem', PermissionError(13, 'Access is denied'))
Failed to remove: (<built-in function unlink>, 'C:\\Users\\Andre\\AppData\\Roaming\\Blender Foundation\\Blender\\5.2\\extensions\\.local\\lib\\python3.13\\site-packages\\certifi\\core.py', PermissionError(13, 'Access is denied'))
Failed to remove: (<built-in function unlink>, 'C:\\Users\\Andre\\AppData\\Roaming\\Blender Foundation\\Blender\\5.2\\extensions\\.local\\lib\\python3.13\\site-packages\\certifi\\py.typed', PermissionError(13, 'Access is denied'))
Failed to remove: (<built-in function unlink>, 'C:\\Users\\Andre\\AppData\\Roaming\\Blender Foundation\\Blender\\5.2\\extensions\\.local\\lib\\python3.13\\site-packages\\certifi\\__init__.py', PermissionError(13, 'Access is denied'))
Failed to remove: (<built-in function unlink>, 'C:\\Users\\Andre\\AppData\\Roaming\\Blender Foundation\\Blender\\5.2\\extensions\\.local\\lib\\python3.13\\site-packages\\certifi\\__main__.py', PermissionError(13, 'Access is denied'))
Failed to remove: (<built-in function rmdir>, 'C:\\Users\\Andre\\AppData\\Roaming\\Blender Foundation\\Blender\\5.2\\extensions\\.local\\lib\\python3.13\\site-packages\\certifi', PermissionError(13, 'Access is denied'))
Failed to remove: (<built-in function unlink>, 'C:\\Users\\Andre\\AppData\\Roaming\\Blender Foundation\\Blender\\5.2\\extensions\\.local\\lib\\python3.13\\site-packages\\fal_client-1.0.0.dist-info\\METADATA', PermissionError(13, 'Access is denied'))
Failed to remove: (<built-in function unlink>, 'C:\\Users\\Andre\\AppData\\Roaming\\Blender Foundation\\Blender\\5.2\\extensions\\.local\\lib\\python3.13\\site-packages\\fal_client-1.0.0.dist-info\\RECORD', PermissionError(13, 'Access is denied'))
Failed to remove: (<built-in function unlink>, 'C:\\Users\\Andre\\AppData\\Roaming\\Blender Foundation\\Blender\\5.2\\extensions\\.local\\lib\\python3.13\\site-packages\\fal_client-1.0.0.dist-info\\top_level.txt', PermissionError(13, 'Access is denied'))
Failed to remove: (<built-in function unlink>, 'C:\\Users\\Andre\\AppData\\Roaming\\Blender Foundation\\Blender\\5.2\\extensions\\.local\\lib\\python3.13\\site-packages\\fal_client-1.0.0.dist-info\\WHEEL', PermissionError(13, 'Access is denied'))
Failed to remove: (<built-in function rmdir>, 'C:\\Users\\Andre\\AppData\\Roaming\\Blender Foundation\\Blender\\5.2\\extensions\\.local\\lib\\python3.13\\site-packages\\fal_client-1.0.0.dist-info', PermissionError(13, 'Access is denied'))
Failed to remove: (<built-in function unlink>, 'C:\\Users\\Andre\\AppData\\Roaming\\Blender Foundation\\Blender\\5.2\\extensions\\.local\\lib\\python3.13\\site-packages\\fal_client\\auth.py', PermissionError(13, 'Access is denied'))
Failed to remove: (<built-in function unlink>, 'C:\\Users\\Andre\\AppData\\Roaming\\Blender Foundation\\Blender\\5.2\\extensions\\.local\\lib\\python3.13\\site-packages\\fal_client\\client.py', PermissionError(13, 'Access is denied'))
Failed to remove: (<built-in function unlink>, 'C:\\Users\\Andre\\AppData\\Roaming\\Blender Foundation\\Blender\\5.2\\extensions\\.local\\lib\\python3.13\\site-packages\\fal_client\\py.typed', PermissionError(13, 'Access is denied'))
Failed to remove: (<built-in function unlink>, 'C:\\Users\\Andre\\AppData\\Roaming\\Blender Foundation\\Blender\\5.2\\extensions\\.local\\lib\\python3.13\\site-packages\\fal_client\\_fal_client_version.py', PermissionError(13, 'Access is denied'))
Failed to remove: (<built-in function unlink>, 'C:\\Users\\Andre\\AppData\\Roaming\\Blender Foundation\\Blender\\5.2\\extensions\\.local\\lib\\python3.13\\site-packages\\fal_client\\_headers.py', PermissionError(13, 'Access is denied'))
Failed to remove: (<built-in function unlink>, 'C:\\Users\\Andre\\AppData\\Roaming\\Blender Foundation\\Blender\\5.2\\extensions\\.local\\lib\\python3.13\\site-packages\\fal_client\\_version.py', PermissionError(13, 'Access is denied'))
Failed to remove: (<built-in function unlink>, 'C:\\Users\\Andre\\AppData\\Roaming\\Blender Foundation\\Blender\\5.2\\extensions\\.local\\lib\\python3.13\\site-packages\\fal_client\\__init__.py', PermissionError(13, 'Access is denied'))
Failed to remove: (<built-in function rmdir>, 'C:\\Users\\Andre\\AppData\\Roaming\\Blender Foundation\\Blender\\5.2\\extensions\\.local\\lib\\python3.13\\site-packages\\fal_client', PermissionError(13, 'Access is denied'))
Failed to remove: (<built-in function unlink>, 'C:\\Users\\Andre\\AppData\\Roaming\\Blender Foundation\\Blender\\5.2\\extensions\\.local\\lib\\python3.13\\site-packages\\h11-0.16.0.dist-info\\licenses\\LICENSE.txt', PermissionError(13, 'Access is denied'))
Failed to remove: (<built-in function rmdir>, 'C:\\Users\\Andre\\AppData\\Roaming\\Blender Foundation\\Blender\\5.2\\extensions\\.local\\lib\\python3.13\\site-packages\\h11-0.16.0.dist-info\\licenses', PermissionError(13, 'Access is denied'))
Failed to remove: (<built-in function unlink>, 'C:\\Users\\Andre\\AppData\\Roaming\\Blender Foundation\\Blender\\5.2\\extensions\\.local\\lib\\python3.13\\site-packages\\h11-0.16.0.dist-info\\METADATA', PermissionError(13, 'Access is denied'))
Failed to remove: (<built-in function unlink>, 'C:\\Users\\Andre\\AppData\\Roaming\\Blender Foundation\\Blender\\5.2\\extensions\\.local\\lib\\python3.13\\site-packages\\h11-0.16.0.dist-info\\RECORD', PermissionError(13, 'Access is denied'))
Failed to remove: (<built-in function unlink>, 'C:\\Users\\Andre\\AppData\\Roaming\\Blender Foundation\\Blender\\5.2\\extensions\\.local\\lib\\python3.13\\site-packages\\h11-0.16.0.dist-info\\top_level.txt', PermissionError(13, 'Access is denied'))
Failed to remove: (<built-in function unlink>, 'C:\\Users\\Andre\\AppData\\Roaming\\Blender Foundation\\Blender\\5.2\\extensions\\.local\\lib\\python3.13\\site-packages\\h11-0.16.0.dist-info\\WHEEL', PermissionError(13, 'Access is denied'))
Failed to remove: (<built-in function rmdir>, 'C:\\Users\\Andre\\AppData\\Roaming\\Blender Foundation\\Blender\\5.2\\extensions\\.local\\lib\\python3.13\\site-packages\\h11-0.16.0.dist-info', PermissionError(13, 'Access is denied'))
Failed to remove: (<built-in function unlink>, 'C:\\Users\\Andre\\AppData\\Roaming\\Blender Foundation\\Blender\\5.2\\extensions\\.local\\lib\\python3.13\\site-packages\\h11\\py.typed', PermissionError(13, 'Access is denied'))
Failed to remove: (<built-in function unlink>, 'C:\\Users\\Andre\\AppData\\Roaming\\Blender Foundation\\Blender\\5.2\\extensions\\.local\\lib\\python3.13\\site-packages\\h11\\_abnf.py', PermissionError(13, 'Access is denied'))
Failed to remove: (<built-in function unlink>, 'C:\\Users\\Andre\\AppData\\Roaming\\Blender Foundation\\Blender\\5.2\\extensions\\.local\\lib\\python3.13\\site-packages\\h11\\_connection.py', PermissionError(13, 'Access is denied'))
Failed to remove: (<built-in function unlink>, 'C:\\Users\\Andre\\AppData\\Roaming\\Blender Foundation\\Blender\\5.2\\extensions\\.local\\lib\\python3.13\\site-packages\\h11\\_events.py', PermissionError(13, 'Access is denied'))
Failed to remove: (<built-in function unlink>, 'C:\\Users\\Andre\\AppData\\Roaming\\Blender Foundation\\Blender\\5.2\\extensions\\.local\\lib\\python3.13\\site-packages\\h11\\_headers.py', PermissionError(13, 'Access is denied'))
Failed to remove: (<built-in function unlink>, 'C:\\Users\\Andre\\AppData\\Roaming\\Blender Foundation\\Blender\\5.2\\extensions\\.local\\lib\\python3.13\\site-packages\\h11\\_readers.py', PermissionError(13, 'Access is denied'))
Failed to remove: (<built-in function unlink>, 'C:\\Users\\Andre\\AppData\\Roaming\\Blender Foundation\\Blender\\5.2\\extensions\\.local\\lib\\python3.13\\site-packages\\h11\\_receivebuffer.py', PermissionError(13, 'Access is denied'))
Failed to remove: (<built-in function unlink>, 'C:\\Users\\Andre\\AppData\\Roaming\\Blender Foundation\\Blender\\5.2\\extensions\\.local\\lib\\python3.13\\site-packages\\h11\\_state.py', PermissionError(13, 'Access is denied'))
Failed to remove: (<built-in function unlink>, 'C:\\Users\\Andre\\AppData\\Roaming\\Blender Foundation\\Blender\\5.2\\extensions\\.local\\lib\\python3.13\\site-packages\\h11\\_util.py', PermissionError(13, 'Access is denied'))
Failed to remove: (<built-in function unlink>, 'C:\\Users\\Andre\\AppData\\Roaming\\Blender Foundation\\Blender\\5.2\\extensions\\.local\\lib\\python3.13\\site-packages\\h11\\_version.py', PermissionError(13, 'Access is denied'))
Failed to remove: (<built-in function unlink>, 'C:\\Users\\Andre\\AppData\\Roaming\\Blender Foundation\\Blender\\5.2\\extensions\\.local\\lib\\python3.13\\site-packages\\h11\\_writers.py', PermissionError(13, 'Access is denied'))
Failed to remove: (<built-in function unlink>, 'C:\\Users\\Andre\\AppData\\Roaming\\Blender Foundation\\Blender\\5.2\\extensions\\.local\\lib\\python3.13\\site-packages\\h11\\__init__.py', PermissionError(13, 'Access is denied'))
Failed to remove: (<built-in function rmdir>, 'C:\\Users\\Andre\\AppData\\Roaming\\Blender Foundation\\Blender\\5.2\\extensions\\.local\\lib\\python3.13\\site-packages\\h11', PermissionError(13, 'Access is denied'))
Failed to remove: (<built-in function unlink>, 'C:\\Users\\Andre\\AppData\\Roaming\\Blender Foundation\\Blender\\5.2\\extensions\\.local\\lib\\python3.13\\site-packages\\httpcore-1.0.9.dist-info\\licenses\\LICENSE.md', PermissionError(13, 'Access is denied'))
Failed to remove: (<built-in function rmdir>, 'C:\\Users\\Andre\\AppData\\Roaming\\Blender Foundation\\Blender\\5.2\\extensions\\.local\\lib\\python3.13\\site-packages\\httpcore-1.0.9.dist-info\\licenses', PermissionError(13, 'Access is denied'))
Failed to remove: (<built-in function unlink>, 'C:\\Users\\Andre\\AppData\\Roaming\\Blender Foundation\\Blender\\5.2\\extensions\\.local\\lib\\python3.13\\site-packages\\httpcore-1.0.9.dist-info\\METADATA', PermissionError(13, 'Access is denied'))
Failed to remove: (<built-in function unlink>, 'C:\\Users\\Andre\\AppData\\Roaming\\Blender Foundation\\Blender\\5.2\\extensions\\.local\\lib\\python3.13\\site-packages\\httpcore-1.0.9.dist-info\\RECORD', PermissionError(13, 'Access is denied'))
Failed to remove: (<built-in function unlink>, 'C:\\Users\\Andre\\AppData\\Roaming\\Blender Foundation\\Blender\\5.2\\extensions\\.local\\lib\\python3.13\\site-packages\\httpcore-1.0.9.dist-info\\WHEEL', PermissionError(13, 'Access is denied'))
Failed to remove: (<built-in function rmdir>, 'C:\\Users\\Andre\\AppData\\Roaming\\Blender Foundation\\Blender\\5.2\\extensions\\.local\\lib\\python3.13\\site-packages\\httpcore-1.0.9.dist-info', PermissionError(13, 'Access is denied'))
Failed to remove: (<built-in function unlink>, 'C:\\Users\\Andre\\AppData\\Roaming\\Blender Foundation\\Blender\\5.2\\extensions\\.local\\lib\\python3.13\\site-packages\\httpcore\\_async\\connection.py', PermissionError(13, 'Access is denied'))
Failed to remove: (<built-in function unlink>, 'C:\\Users\\Andre\\AppData\\Roaming\\Blender Foundation\\Blender\\5.2\\extensions\\.local\\lib\\python3.13\\site-packages\\httpcore\\_async\\connection_pool.py', PermissionError(13, 'Access is denied'))
Failed to remove: (<built-in function unlink>, 'C:\\Users\\Andre\\AppData\\Roaming\\Blender Foundation\\Blender\\5.2\\extensions\\.local\\lib\\python3.13\\site-packages\\httpcore\\_async\\http11.py', PermissionError(13, 'Access is denied'))
Failed to remove: (<built-in function unlink>, 'C:\\Users\\Andre\\AppData\\Roaming\\Blender Foundation\\Blender\\5.2\\extensions\\.local\\lib\\python3.13\\site-packages\\httpcore\\_async\\http2.py', PermissionError(13, 'Access is denied'))
Failed to remove: (<built-in function unlink>, 'C:\\Users\\Andre\\AppData\\Roaming\\Blender Foundation\\Blender\\5.2\\extensions\\.local\\lib\\python3.13\\site-packages\\httpcore\\_async\\http_proxy.py', PermissionError(13, 'Access is denied'))
Failed to remove: (<built-in function unlink>, 'C:\\Users\\Andre\\AppData\\Roaming\\Blender Foundation\\Blender\\5.2\\extensions\\.local\\lib\\python3.13\\site-packages\\httpcore\\_async\\interfaces.py', PermissionError(13, 'Access is denied'))
Failed to remove: (<built-in function unlink>, 'C:\\Users\\Andre\\AppData\\Roaming\\Blender Foundation\\Blender\\5.2\\extensions\\.local\\lib\\python3.13\\site-packages\\httpcore\\_async\\socks_proxy.py', PermissionError(13, 'Access is denied'))
Failed to remove: (<built-in function unlink>, 'C:\\Users\\Andre\\AppData\\Roaming\\Blender Foundation\\Blender\\5.2\\extensions\\.local\\lib\\python3.13\\site-packages\\httpcore\\_async\\__init__.py', PermissionError(13, 'Access is denied'))
Failed to remove: (<built-in function unlink>, 'C:\\Users\\Andre\\AppData\\Roaming\\Blender Foundation\\Blender\\5.2\\extensions\\.local\\lib\\python3.13\\site-packages\\httpcore\\_backends\\anyio.py', PermissionError(13, 'Access is denied'))
Failed to remove: (<built-in function unlink>, 'C:\\Users\\Andre\\AppData\\Roaming\\Blender Foundation\\Blender\\5.2\\extensions\\.local\\lib\\python3.13\\site-packages\\httpcore\\_backends\\auto.py', PermissionError(13, 'Access is denied'))
Failed to remove: (<built-in function unlink>, 'C:\\Users\\Andre\\AppData\\Roaming\\Blender Foundation\\Blender\\5.2\\extensions\\.local\\lib\\python3.13\\site-packages\\httpcore\\_backends\\base.py', PermissionError(13, 'Access is denied'))
Failed to remove: (<built-in function unlink>, 'C:\\Users\\Andre\\AppData\\Roaming\\Blender Foundation\\Blender\\5.2\\extensions\\.local\\lib\\python3.13\\site-packages\\httpcore\\_backends\\mock.py', PermissionError(13, 'Access is denied'))
Failed to remove: (<built-in function unlink>, 'C:\\Users\\Andre\\AppData\\Roaming\\Blender Foundation\\Blender\\5.2\\extensions\\.local\\lib\\python3.13\\site-packages\\httpcore\\_backends\\sync.py', PermissionError(13, 'Access is denied'))
Failed to remove: (<built-in function unlink>, 'C:\\Users\\Andre\\AppData\\Roaming\\Blender Foundation\\Blender\\5.2\\extensions\\.local\\lib\\python3.13\\site-packages\\httpcore\\_backends\\trio.py', PermissionError(13, 'Access is denied'))
Failed to remove: (<built-in function unlink>, 'C:\\Users\\Andre\\AppData\\Roaming\\Blender Foundation\\Blender\\5.2\\extensions\\.local\\lib\\python3.13\\site-packages\\httpcore\\_backends\\__init__.py', PermissionError(13, 'Access is denied'))
Failed to remove: (<built-in function unlink>, 'C:\\Users\\Andre\\AppData\\Roaming\\Blender Foundation\\Blender\\5.2\\extensions\\.local\\lib\\python3.13\\site-packages\\httpcore\\_sync\\connection.py', PermissionError(13, 'Access is denied'))
Failed to remove: (<built-in function unlink>, 'C:\\Users\\Andre\\AppData\\Roaming\\Blender Foundation\\Blender\\5.2\\extensions\\.local\\lib\\python3.13\\site-packages\\httpcore\\_sync\\connection_pool.py', PermissionError(13, 'Access is denied'))
Failed to remove: (<built-in function unlink>, 'C:\\Users\\Andre\\AppData\\Roaming\\Blender Foundation\\Blender\\5.2\\extensions\\.local\\lib\\python3.13\\site-packages\\httpcore\\_sync\\http11.py', PermissionError(13, 'Access is denied'))
Failed to remove: (<built-in function unlink>, 'C:\\Users\\Andre\\AppData\\Roaming\\Blender Foundation\\Blender\\5.2\\extensions\\.local\\lib\\python3.13\\site-packages\\httpcore\\_sync\\http2.py', PermissionError(13, 'Access is denied'))
Failed to remove: (<built-in function unlink>, 'C:\\Users\\Andre\\AppData\\Roaming\\Blender Foundation\\Blender\\5.2\\extensions\\.local\\lib\\python3.13\\site-packages\\httpcore\\_sync\\http_proxy.py', PermissionError(13, 'Access is denied'))
Failed to remove: (<built-in function unlink>, 'C:\\Users\\Andre\\AppData\\Roaming\\Blender Foundation\\Blender\\5.2\\extensions\\.local\\lib\\python3.13\\site-packages\\httpcore\\_sync\\interfaces.py', PermissionError(13, 'Access is denied'))
Failed to remove: (<built-in function unlink>, 'C:\\Users\\Andre\\AppData\\Roaming\\Blender Foundation\\Blender\\5.2\\extensions\\.local\\lib\\python3.13\\site-packages\\httpcore\\_sync\\socks_proxy.py', PermissionError(13, 'Access is denied'))
Failed to remove: (<built-in function unlink>, 'C:\\Users\\Andre\\AppData\\Roaming\\Blender Foundation\\Blender\\5.2\\extensions\\.local\\lib\\python3.13\\site-packages\\httpcore\\_sync\\__init__.py', PermissionError(13, 'Access is denied'))
Failed to remove: (<built-in function rmdir>, 'C:\\Users\\Andre\\AppData\\Roaming\\Blender Foundation\\Blender\\5.2\\extensions\\.local\\lib\\python3.13\\site-packages\\httpcore\\_async', PermissionError(13, 'Access is denied'))
Failed to remove: (<built-in function rmdir>, 'C:\\Users\\Andre\\AppData\\Roaming\\Blender Foundation\\Blender\\5.2\\extensions\\.local\\lib\\python3.13\\site-packages\\httpcore\\_backends', PermissionError(13, 'Access is denied'))
Failed to remove: (<built-in function rmdir>, 'C:\\Users\\Andre\\AppData\\Roaming\\Blender Foundation\\Blender\\5.2\\extensions\\.local\\lib\\python3.13\\site-packages\\httpcore\\_sync', PermissionError(13, 'Access is denied'))
Failed to remove: (<built-in function unlink>, 'C:\\Users\\Andre\\AppData\\Roaming\\Blender Foundation\\Blender\\5.2\\extensions\\.local\\lib\\python3.13\\site-packages\\httpcore\\py.typed', PermissionError(13, 'Access is denied'))
Failed to remove: (<built-in function unlink>, 'C:\\Users\\Andre\\AppData\\Roaming\\Blender Foundation\\Blender\\5.2\\extensions\\.local\\lib\\python3.13\\site-packages\\httpcore\\_api.py', PermissionError(13, 'Access is denied'))
Failed to remove: (<built-in function unlink>, 'C:\\Users\\Andre\\AppData\\Roaming\\Blender Foundation\\Blender\\5.2\\extensions\\.local\\lib\\python3.13\\site-packages\\httpcore\\_exceptions.py', PermissionError(13, 'Access is denied'))
Failed to remove: (<built-in function unlink>, 'C:\\Users\\Andre\\AppData\\Roaming\\Blender Foundation\\Blender\\5.2\\extensions\\.local\\lib\\python3.13\\site-packages\\httpcore\\_models.py', PermissionError(13, 'Access is denied'))
Failed to remove: (<built-in function unlink>, 'C:\\Users\\Andre\\AppData\\Roaming\\Blender Foundation\\Blender\\5.2\\extensions\\.local\\lib\\python3.13\\site-packages\\httpcore\\_ssl.py', PermissionError(13, 'Access is denied'))
Failed to remove: (<built-in function unlink>, 'C:\\Users\\Andre\\AppData\\Roaming\\Blender Foundation\\Blender\\5.2\\extensions\\.local\\lib\\python3.13\\site-packages\\httpcore\\_synchronization.py', PermissionError(13, 'Access is denied'))
Failed to remove: (<built-in function unlink>, 'C:\\Users\\Andre\\AppData\\Roaming\\Blender Foundation\\Blender\\5.2\\extensions\\.local\\lib\\python3.13\\site-packages\\httpcore\\_trace.py', PermissionError(13, 'Access is denied'))
Failed to remove: (<built-in function unlink>, 'C:\\Users\\Andre\\AppData\\Roaming\\Blender Foundation\\Blender\\5.2\\extensions\\.local\\lib\\python3.13\\site-packages\\httpcore\\_utils.py', PermissionError(13, 'Access is denied'))
Failed to remove: (<built-in function unlink>, 'C:\\Users\\Andre\\AppData\\Roaming\\Blender Foundation\\Blender\\5.2\\extensions\\.local\\lib\\python3.13\\site-packages\\httpcore\\__init__.py', PermissionError(13, 'Access is denied'))
Failed to remove: (<built-in function rmdir>, 'C:\\Users\\Andre\\AppData\\Roaming\\Blender Foundation\\Blender\\5.2\\extensions\\.local\\lib\\python3.13\\site-packages\\httpcore', PermissionError(13, 'Access is denied'))
Failed to remove: (<built-in function unlink>, 'C:\\Users\\Andre\\AppData\\Roaming\\Blender Foundation\\Blender\\5.2\\extensions\\.local\\lib\\python3.13\\site-packages\\httpx-0.28.1.dist-info\\licenses\\LICENSE.md', PermissionError(13, 'Access is denied'))
Failed to remove: (<built-in function rmdir>, 'C:\\Users\\Andre\\AppData\\Roaming\\Blender Foundation\\Blender\\5.2\\extensions\\.local\\lib\\python3.13\\site-packages\\httpx-0.28.1.dist-info\\licenses', PermissionError(13, 'Access is denied'))
Failed to remove: (<built-in function unlink>, 'C:\\Users\\Andre\\AppData\\Roaming\\Blender Foundation\\Blender\\5.2\\extensions\\.local\\lib\\python3.13\\site-packages\\httpx-0.28.1.dist-info\\entry_points.txt', PermissionError(13, 'Access is denied'))
Failed to remove: (<built-in function unlink>, 'C:\\Users\\Andre\\AppData\\Roaming\\Blender Foundation\\Blender\\5.2\\extensions\\.local\\lib\\python3.13\\site-packages\\httpx-0.28.1.dist-info\\METADATA', PermissionError(13, 'Access is denied'))
Failed to remove: (<built-in function unlink>, 'C:\\Users\\Andre\\AppData\\Roaming\\Blender Foundation\\Blender\\5.2\\extensions\\.local\\lib\\python3.13\\site-packages\\httpx-0.28.1.dist-info\\RECORD', PermissionError(13, 'Access is denied'))
Failed to remove: (<built-in function unlink>, 'C:\\Users\\Andre\\AppData\\Roaming\\Blender Foundation\\Blender\\5.2\\extensions\\.local\\lib\\python3.13\\site-packages\\httpx-0.28.1.dist-info\\WHEEL', PermissionError(13, 'Access is denied'))
Failed to remove: (<built-in function rmdir>, 'C:\\Users\\Andre\\AppData\\Roaming\\Blender Foundation\\Blender\\5.2\\extensions\\.local\\lib\\python3.13\\site-packages\\httpx-0.28.1.dist-info', PermissionError(13, 'Access is denied'))
Failed to remove: (<built-in function unlink>, 'C:\\Users\\Andre\\AppData\\Roaming\\Blender Foundation\\Blender\\5.2\\extensions\\.local\\lib\\python3.13\\site-packages\\httpx\\_transports\\asgi.py', PermissionError(13, 'Access is denied'))
Failed to remove: (<built-in function unlink>, 'C:\\Users\\Andre\\AppData\\Roaming\\Blender Foundation\\Blender\\5.2\\extensions\\.local\\lib\\python3.13\\site-packages\\httpx\\_transports\\base.py', PermissionError(13, 'Access is denied'))
Failed to remove: (<built-in function unlink>, 'C:\\Users\\Andre\\AppData\\Roaming\\Blender Foundation\\Blender\\5.2\\extensions\\.local\\lib\\python3.13\\site-packages\\httpx\\_transports\\default.py', PermissionError(13, 'Access is denied'))
Failed to remove: (<built-in function unlink>, 'C:\\Users\\Andre\\AppData\\Roaming\\Blender Foundation\\Blender\\5.2\\extensions\\.local\\lib\\python3.13\\site-packages\\httpx\\_transports\\mock.py', PermissionError(13, 'Access is denied'))
Failed to remove: (<built-in function unlink>, 'C:\\Users\\Andre\\AppData\\Roaming\\Blender Foundation\\Blender\\5.2\\extensions\\.local\\lib\\python3.13\\site-packages\\httpx\\_transports\\wsgi.py', PermissionError(13, 'Access is denied'))
Failed to remove: (<built-in function unlink>, 'C:\\Users\\Andre\\AppData\\Roaming\\Blender Foundation\\Blender\\5.2\\extensions\\.local\\lib\\python3.13\\site-packages\\httpx\\_transports\\__init__.py', PermissionError(13, 'Access is denied'))
Failed to remove: (<built-in function rmdir>, 'C:\\Users\\Andre\\AppData\\Roaming\\Blender Foundation\\Blender\\5.2\\extensions\\.local\\lib\\python3.13\\site-packages\\httpx\\_transports', PermissionError(13, 'Access is denied'))
Failed to remove: (<built-in function unlink>, 'C:\\Users\\Andre\\AppData\\Roaming\\Blender Foundation\\Blender\\5.2\\extensions\\.local\\lib\\python3.13\\site-packages\\httpx\\py.typed', PermissionError(13, 'Access is denied'))
Failed to remove: (<built-in function unlink>, 'C:\\Users\\Andre\\AppData\\Roaming\\Blender Foundation\\Blender\\5.2\\extensions\\.local\\lib\\python3.13\\site-packages\\httpx\\_api.py', PermissionError(13, 'Access is denied'))
Failed to remove: (<built-in function unlink>, 'C:\\Users\\Andre\\AppData\\Roaming\\Blender Foundation\\Blender\\5.2\\extensions\\.local\\lib\\python3.13\\site-packages\\httpx\\_auth.py', PermissionError(13, 'Access is denied'))
Failed to remove: (<built-in function unlink>, 'C:\\Users\\Andre\\AppData\\Roaming\\Blender Foundation\\Blender\\5.2\\extensions\\.local\\lib\\python3.13\\site-packages\\httpx\\_client.py', PermissionError(13, 'Access is denied'))
Failed to remove: (<built-in function unlink>, 'C:\\Users\\Andre\\AppData\\Roaming\\Blender Foundation\\Blender\\5.2\\extensions\\.local\\lib\\python3.13\\site-packages\\httpx\\_config.py', PermissionError(13, 'Access is denied'))
Failed to remove: (<built-in function unlink>, 'C:\\Users\\Andre\\AppData\\Roaming\\Blender Foundation\\Blender\\5.2\\extensions\\.local\\lib\\python3.13\\site-packages\\httpx\\_content.py', PermissionError(13, 'Access is denied'))
Failed to remove: (<built-in function unlink>, 'C:\\Users\\Andre\\AppData\\Roaming\\Blender Foundation\\Blender\\5.2\\extensions\\.local\\lib\\python3.13\\site-packages\\httpx\\_decoders.py', PermissionError(13, 'Access is denied'))
Failed to remove: (<built-in function unlink>, 'C:\\Users\\Andre\\AppData\\Roaming\\Blender Foundation\\Blender\\5.2\\extensions\\.local\\lib\\python3.13\\site-packages\\httpx\\_exceptions.py', PermissionError(13, 'Access is denied'))
Failed to remove: (<built-in function unlink>, 'C:\\Users\\Andre\\AppData\\Roaming\\Blender Foundation\\Blender\\5.2\\extensions\\.local\\lib\\python3.13\\site-packages\\httpx\\_main.py', PermissionError(13, 'Access is denied'))
Failed to remove: (<built-in function unlink>, 'C:\\Users\\Andre\\AppData\\Roaming\\Blender Foundation\\Blender\\5.2\\extensions\\.local\\lib\\python3.13\\site-packages\\httpx\\_models.py', PermissionError(13, 'Access is denied'))
Failed to remove: (<built-in function unlink>, 'C:\\Users\\Andre\\AppData\\Roaming\\Blender Foundation\\Blender\\5.2\\extensions\\.local\\lib\\python3.13\\site-packages\\httpx\\_multipart.py', PermissionError(13, 'Access is denied'))
Failed to remove: (<built-in function unlink>, 'C:\\Users\\Andre\\AppData\\Roaming\\Blender Foundation\\Blender\\5.2\\extensions\\.local\\lib\\python3.13\\site-packages\\httpx\\_status_codes.py', PermissionError(13, 'Access is denied'))
Failed to remove: (<built-in function unlink>, 'C:\\Users\\Andre\\AppData\\Roaming\\Blender Foundation\\Blender\\5.2\\extensions\\.local\\lib\\python3.13\\site-packages\\httpx\\_types.py', PermissionError(13, 'Access is denied'))
Failed to remove: (<built-in function unlink>, 'C:\\Users\\Andre\\AppData\\Roaming\\Blender Foundation\\Blender\\5.2\\extensions\\.local\\lib\\python3.13\\site-packages\\httpx\\_urlparse.py', PermissionError(13, 'Access is denied'))
Failed to remove: (<built-in function unlink>, 'C:\\Users\\Andre\\AppData\\Roaming\\Blender Foundation\\Blender\\5.2\\extensions\\.local\\lib\\python3.13\\site-packages\\httpx\\_urls.py', PermissionError(13, 'Access is denied'))
Failed to remove: (<built-in function unlink>, 'C:\\Users\\Andre\\AppData\\Roaming\\Blender Foundation\\Blender\\5.2\\extensions\\.local\\lib\\python3.13\\site-packages\\httpx\\_utils.py', PermissionError(13, 'Access is denied'))
Failed to remove: (<built-in function unlink>, 'C:\\Users\\Andre\\AppData\\Roaming\\Blender Foundation\\Blender\\5.2\\extensions\\.local\\lib\\python3.13\\site-packages\\httpx\\__init__.py', PermissionError(13, 'Access is denied'))
Failed to remove: (<built-in function unlink>, 'C:\\Users\\Andre\\AppData\\Roaming\\Blender Foundation\\Blender\\5.2\\extensions\\.local\\lib\\python3.13\\site-packages\\httpx\\__version__.py', PermissionError(13, 'Access is denied'))
Failed to remove: (<built-in function rmdir>, 'C:\\Users\\Andre\\AppData\\Roaming\\Blender Foundation\\Blender\\5.2\\extensions\\.local\\lib\\python3.13\\site-packages\\httpx', PermissionError(13, 'Access is denied'))
Failed to remove: (<built-in function unlink>, 'C:\\Users\\Andre\\AppData\\Roaming\\Blender Foundation\\Blender\\5.2\\extensions\\.local\\lib\\python3.13\\site-packages\\httpx_sse-0.4.3.dist-info\\licenses\\LICENSE', PermissionError(13, 'Access is denied'))
Failed to remove: (<built-in function rmdir>, 'C:\\Users\\Andre\\AppData\\Roaming\\Blender Foundation\\Blender\\5.2\\extensions\\.local\\lib\\python3.13\\site-packages\\httpx_sse-0.4.3.dist-info\\licenses', PermissionError(13, 'Access is denied'))
Failed to remove: (<built-in function unlink>, 'C:\\Users\\Andre\\AppData\\Roaming\\Blender Foundation\\Blender\\5.2\\extensions\\.local\\lib\\python3.13\\site-packages\\httpx_sse-0.4.3.dist-info\\METADATA', PermissionError(13, 'Access is denied'))
Failed to remove: (<built-in function unlink>, 'C:\\Users\\Andre\\AppData\\Roaming\\Blender Foundation\\Blender\\5.2\\extensions\\.local\\lib\\python3.13\\site-packages\\httpx_sse-0.4.3.dist-info\\RECORD', PermissionError(13, 'Access is denied'))
Failed to remove: (<built-in function unlink>, 'C:\\Users\\Andre\\AppData\\Roaming\\Blender Foundation\\Blender\\5.2\\extensions\\.local\\lib\\python3.13\\site-packages\\httpx_sse-0.4.3.dist-info\\top_level.txt', PermissionError(13, 'Access is denied'))
Failed to remove: (<built-in function unlink>, 'C:\\Users\\Andre\\AppData\\Roaming\\Blender Foundation\\Blender\\5.2\\extensions\\.local\\lib\\python3.13\\site-packages\\httpx_sse-0.4.3.dist-info\\WHEEL', PermissionError(13, 'Access is denied'))
Failed to remove: (<built-in function rmdir>, 'C:\\Users\\Andre\\AppData\\Roaming\\Blender Foundation\\Blender\\5.2\\extensions\\.local\\lib\\python3.13\\site-packages\\httpx_sse-0.4.3.dist-info', PermissionError(13, 'Access is denied'))
Failed to remove: (<built-in function unlink>, 'C:\\Users\\Andre\\AppData\\Roaming\\Blender Foundation\\Blender\\5.2\\extensions\\.local\\lib\\python3.13\\site-packages\\httpx_sse\\py.typed', PermissionError(13, 'Access is denied'))
Failed to remove: (<built-in function unlink>, 'C:\\Users\\Andre\\AppData\\Roaming\\Blender Foundation\\Blender\\5.2\\extensions\\.local\\lib\\python3.13\\site-packages\\httpx_sse\\_api.py', PermissionError(13, 'Access is denied'))
Failed to remove: (<built-in function unlink>, 'C:\\Users\\Andre\\AppData\\Roaming\\Blender Foundation\\Blender\\5.2\\extensions\\.local\\lib\\python3.13\\site-packages\\httpx_sse\\_decoders.py', PermissionError(13, 'Access is denied'))
Failed to remove: (<built-in function unlink>, 'C:\\Users\\Andre\\AppData\\Roaming\\Blender Foundation\\Blender\\5.2\\extensions\\.local\\lib\\python3.13\\site-packages\\httpx_sse\\_exceptions.py', PermissionError(13, 'Access is denied'))
Failed to remove: (<built-in function unlink>, 'C:\\Users\\Andre\\AppData\\Roaming\\Blender Foundation\\Blender\\5.2\\extensions\\.local\\lib\\python3.13\\site-packages\\httpx_sse\\_models.py', PermissionError(13, 'Access is denied'))
Failed to remove: (<built-in function unlink>, 'C:\\Users\\Andre\\AppData\\Roaming\\Blender Foundation\\Blender\\5.2\\extensions\\.local\\lib\\python3.13\\site-packages\\httpx_sse\\__init__.py', PermissionError(13, 'Access is denied'))
Failed to remove: (<built-in function rmdir>, 'C:\\Users\\Andre\\AppData\\Roaming\\Blender Foundation\\Blender\\5.2\\extensions\\.local\\lib\\python3.13\\site-packages\\httpx_sse', PermissionError(13, 'Access is denied'))
Failed to remove: (<built-in function unlink>, 'C:\\Users\\Andre\\AppData\\Roaming\\Blender Foundation\\Blender\\5.2\\extensions\\.local\\lib\\python3.13\\site-packages\\idna-3.18.dist-info\\licenses\\LICENSE.md', PermissionError(13, 'Access is denied'))
Failed to remove: (<built-in function rmdir>, 'C:\\Users\\Andre\\AppData\\Roaming\\Blender Foundation\\Blender\\5.2\\extensions\\.local\\lib\\python3.13\\site-packages\\idna-3.18.dist-info\\licenses', PermissionError(13, 'Access is denied'))
Failed to remove: (<built-in function unlink>, 'C:\\Users\\Andre\\AppData\\Roaming\\Blender Foundation\\Blender\\5.2\\extensions\\.local\\lib\\python3.13\\site-packages\\idna-3.18.dist-info\\entry_points.txt', PermissionError(13, 'Access is denied'))
Failed to remove: (<built-in function unlink>, 'C:\\Users\\Andre\\AppData\\Roaming\\Blender Foundation\\Blender\\5.2\\extensions\\.local\\lib\\python3.13\\site-packages\\idna-3.18.dist-info\\METADATA', PermissionError(13, 'Access is denied'))
Failed to remove: (<built-in function unlink>, 'C:\\Users\\Andre\\AppData\\Roaming\\Blender Foundation\\Blender\\5.2\\extensions\\.local\\lib\\python3.13\\site-packages\\idna-3.18.dist-info\\RECORD', PermissionError(13, 'Access is denied'))
Failed to remove: (<built-in function unlink>, 'C:\\Users\\Andre\\AppData\\Roaming\\Blender Foundation\\Blender\\5.2\\extensions\\.local\\lib\\python3.13\\site-packages\\idna-3.18.dist-info\\WHEEL', PermissionError(13, 'Access is denied'))
Failed to remove: (<built-in function rmdir>, 'C:\\Users\\Andre\\AppData\\Roaming\\Blender Foundation\\Blender\\5.2\\extensions\\.local\\lib\\python3.13\\site-packages\\idna-3.18.dist-info', PermissionError(13, 'Access is denied'))
Failed to remove: (<built-in function unlink>, 'C:\\Users\\Andre\\AppData\\Roaming\\Blender Foundation\\Blender\\5.2\\extensions\\.local\\lib\\python3.13\\site-packages\\idna\\__pycache__\\core.cpython-313.pyc', PermissionError(13, 'Access is denied'))
Failed to remove: (<built-in function unlink>, 'C:\\Users\\Andre\\AppData\\Roaming\\Blender Foundation\\Blender\\5.2\\extensions\\.local\\lib\\python3.13\\site-packages\\idna\\__pycache__\\idnadata.cpython-313.pyc', PermissionError(13, 'Access is denied'))
Failed to remove: (<built-in function unlink>, 'C:\\Users\\Andre\\AppData\\Roaming\\Blender Foundation\\Blender\\5.2\\extensions\\.local\\lib\\python3.13\\site-packages\\idna\\__pycache__\\intranges.cpython-313.pyc', PermissionError(13, 'Access is denied'))
Failed to remove: (<built-in function unlink>, 'C:\\Users\\Andre\\AppData\\Roaming\\Blender Foundation\\Blender\\5.2\\extensions\\.local\\lib\\python3.13\\site-packages\\idna\\__pycache__\\package_data.cpython-313.pyc', PermissionError(13, 'Access is denied'))
Failed to remove: (<built-in function unlink>, 'C:\\Users\\Andre\\AppData\\Roaming\\Blender Foundation\\Blender\\5.2\\extensions\\.local\\lib\\python3.13\\site-packages\\idna\\__pycache__\\__init__.cpython-313.pyc', PermissionError(13, 'Access is denied'))
Failed to remove: (<built-in function rmdir>, 'C:\\Users\\Andre\\AppData\\Roaming\\Blender Foundation\\Blender\\5.2\\extensions\\.local\\lib\\python3.13\\site-packages\\idna\\__pycache__', PermissionError(13, 'Access is denied'))
Failed to remove: (<built-in function unlink>, 'C:\\Users\\Andre\\AppData\\Roaming\\Blender Foundation\\Blender\\5.2\\extensions\\.local\\lib\\python3.13\\site-packages\\idna\\cli.py', PermissionError(13, 'Access is denied'))
Failed to remove: (<built-in function unlink>, 'C:\\Users\\Andre\\AppData\\Roaming\\Blender Foundation\\Blender\\5.2\\extensions\\.local\\lib\\python3.13\\site-packages\\idna\\codec.py', PermissionError(13, 'Access is denied'))
Failed to remove: (<built-in function unlink>, 'C:\\Users\\Andre\\AppData\\Roaming\\Blender Foundation\\Blender\\5.2\\extensions\\.local\\lib\\python3.13\\site-packages\\idna\\compat.py', PermissionError(13, 'Access is denied'))
Failed to remove: (<built-in function unlink>, 'C:\\Users\\Andre\\AppData\\Roaming\\Blender Foundation\\Blender\\5.2\\extensions\\.local\\lib\\python3.13\\site-packages\\idna\\core.py', PermissionError(13, 'Access is denied'))
Failed to remove: (<built-in function unlink>, 'C:\\Users\\Andre\\AppData\\Roaming\\Blender Foundation\\Blender\\5.2\\extensions\\.local\\lib\\python3.13\\site-packages\\idna\\idnadata.py', PermissionError(13, 'Access is denied'))
Failed to remove: (<built-in function unlink>, 'C:\\Users\\Andre\\AppData\\Roaming\\Blender Foundation\\Blender\\5.2\\extensions\\.local\\lib\\python3.13\\site-packages\\idna\\intranges.py', PermissionError(13, 'Access is denied'))
Failed to remove: (<built-in function unlink>, 'C:\\Users\\Andre\\AppData\\Roaming\\Blender Foundation\\Blender\\5.2\\extensions\\.local\\lib\\python3.13\\site-packages\\idna\\package_data.py', PermissionError(13, 'Access is denied'))
Failed to remove: (<built-in function unlink>, 'C:\\Users\\Andre\\AppData\\Roaming\\Blender Foundation\\Blender\\5.2\\extensions\\.local\\lib\\python3.13\\site-packages\\idna\\py.typed', PermissionError(13, 'Access is denied'))
Failed to remove: (<built-in function unlink>, 'C:\\Users\\Andre\\AppData\\Roaming\\Blender Foundation\\Blender\\5.2\\extensions\\.local\\lib\\python3.13\\site-packages\\idna\\uts46data.py', PermissionError(13, 'Access is denied'))
Failed to remove: (<built-in function unlink>, 'C:\\Users\\Andre\\AppData\\Roaming\\Blender Foundation\\Blender\\5.2\\extensions\\.local\\lib\\python3.13\\site-packages\\idna\\__init__.py', PermissionError(13, 'Access is denied'))
Failed to remove: (<built-in function unlink>, 'C:\\Users\\Andre\\AppData\\Roaming\\Blender Foundation\\Blender\\5.2\\extensions\\.local\\lib\\python3.13\\site-packages\\idna\\__main__.py', PermissionError(13, 'Access is denied'))
Failed to remove: (<built-in function rmdir>, 'C:\\Users\\Andre\\AppData\\Roaming\\Blender Foundation\\Blender\\5.2\\extensions\\.local\\lib\\python3.13\\site-packages\\idna', PermissionError(13, 'Access is denied'))
Failed to remove: (<built-in function unlink>, 'C:\\Users\\Andre\\AppData\\Roaming\\Blender Foundation\\Blender\\5.2\\extensions\\.local\\lib\\python3.13\\site-packages\\msgpack-1.1.2.dist-info\\licenses\\COPYING', PermissionError(13, 'Access is denied'))
Failed to remove: (<built-in function rmdir>, 'C:\\Users\\Andre\\AppData\\Roaming\\Blender Foundation\\Blender\\5.2\\extensions\\.local\\lib\\python3.13\\site-packages\\msgpack-1.1.2.dist-info\\licenses', PermissionError(13, 'Access is denied'))
Failed to remove: (<built-in function unlink>, 'C:\\Users\\Andre\\AppData\\Roaming\\Blender Foundation\\Blender\\5.2\\extensions\\.local\\lib\\python3.13\\site-packages\\msgpack-1.1.2.dist-info\\METADATA', PermissionError(13, 'Access is denied'))
Failed to remove: (<built-in function unlink>, 'C:\\Users\\Andre\\AppData\\Roaming\\Blender Foundation\\Blender\\5.2\\extensions\\.local\\lib\\python3.13\\site-packages\\msgpack-1.1.2.dist-info\\RECORD', PermissionError(13, 'Access is denied'))
Failed to remove: (<built-in function unlink>, 'C:\\Users\\Andre\\AppData\\Roaming\\Blender Foundation\\Blender\\5.2\\extensions\\.local\\lib\\python3.13\\site-packages\\msgpack-1.1.2.dist-info\\top_level.txt', PermissionError(13, 'Access is denied'))
Failed to remove: (<built-in function unlink>, 'C:\\Users\\Andre\\AppData\\Roaming\\Blender Foundation\\Blender\\5.2\\extensions\\.local\\lib\\python3.13\\site-packages\\msgpack-1.1.2.dist-info\\WHEEL', PermissionError(13, 'Access is denied'))
Failed to remove: (<built-in function rmdir>, 'C:\\Users\\Andre\\AppData\\Roaming\\Blender Foundation\\Blender\\5.2\\extensions\\.local\\lib\\python3.13\\site-packages\\msgpack-1.1.2.dist-info', PermissionError(13, 'Access is denied'))
Failed to remove: (<built-in function unlink>, 'C:\\Users\\Andre\\AppData\\Roaming\\Blender Foundation\\Blender\\5.2\\extensions\\.local\\lib\\python3.13\\site-packages\\msgpack\\exceptions.py', PermissionError(13, 'Access is denied'))
Failed to remove: (<built-in function unlink>, 'C:\\Users\\Andre\\AppData\\Roaming\\Blender Foundation\\Blender\\5.2\\extensions\\.local\\lib\\python3.13\\site-packages\\msgpack\\ext.py', PermissionError(13, 'Access is denied'))
Failed to remove: (<built-in function unlink>, 'C:\\Users\\Andre\\AppData\\Roaming\\Blender Foundation\\Blender\\5.2\\extensions\\.local\\lib\\python3.13\\site-packages\\msgpack\\fallback.py', PermissionError(13, 'Access is denied'))
Failed to remove: (<built-in function unlink>, 'C:\\Users\\Andre\\AppData\\Roaming\\Blender Foundation\\Blender\\5.2\\extensions\\.local\\lib\\python3.13\\site-packages\\msgpack\\_cmsgpack.cp313-win_amd64.pyd', PermissionError(13, 'Access is denied'))
Failed to remove: (<built-in function unlink>, 'C:\\Users\\Andre\\AppData\\Roaming\\Blender Foundation\\Blender\\5.2\\extensions\\.local\\lib\\python3.13\\site-packages\\msgpack\\__init__.py', PermissionError(13, 'Access is denied'))
Failed to remove: (<built-in function rmdir>, 'C:\\Users\\Andre\\AppData\\Roaming\\Blender Foundation\\Blender\\5.2\\extensions\\.local\\lib\\python3.13\\site-packages\\msgpack', PermissionError(13, 'Access is denied'))
Failed to remove: (<built-in function unlink>, 'C:\\Users\\Andre\\AppData\\Roaming\\Blender Foundation\\Blender\\5.2\\extensions\\.local\\lib\\python3.13\\site-packages\\pillow-12.2.0.dist-info\\licenses\\LICENSE', PermissionError(13, 'Access is denied'))
Failed to remove: (<built-in function rmdir>, 'C:\\Users\\Andre\\AppData\\Roaming\\Blender Foundation\\Blender\\5.2\\extensions\\.local\\lib\\python3.13\\site-packages\\pillow-12.2.0.dist-info\\licenses', PermissionError(13, 'Access is denied'))
Failed to remove: (<built-in function unlink>, 'C:\\Users\\Andre\\AppData\\Roaming\\Blender Foundation\\Blender\\5.2\\extensions\\.local\\lib\\python3.13\\site-packages\\pillow-12.2.0.dist-info\\METADATA', PermissionError(13, 'Access is denied'))
Failed to remove: (<built-in function unlink>, 'C:\\Users\\Andre\\AppData\\Roaming\\Blender Foundation\\Blender\\5.2\\extensions\\.local\\lib\\python3.13\\site-packages\\pillow-12.2.0.dist-info\\RECORD', PermissionError(13, 'Access is denied'))
Failed to remove: (<built-in function unlink>, 'C:\\Users\\Andre\\AppData\\Roaming\\Blender Foundation\\Blender\\5.2\\extensions\\.local\\lib\\python3.13\\site-packages\\pillow-12.2.0.dist-info\\top_level.txt', PermissionError(13, 'Access is denied'))
Failed to remove: (<built-in function unlink>, 'C:\\Users\\Andre\\AppData\\Roaming\\Blender Foundation\\Blender\\5.2\\extensions\\.local\\lib\\python3.13\\site-packages\\pillow-12.2.0.dist-info\\WHEEL', PermissionError(13, 'Access is denied'))
Failed to remove: (<built-in function unlink>, 'C:\\Users\\Andre\\AppData\\Roaming\\Blender Foundation\\Blender\\5.2\\extensions\\.local\\lib\\python3.13\\site-packages\\pillow-12.2.0.dist-info\\zip-safe', PermissionError(13, 'Access is denied'))
Failed to remove: (<built-in function rmdir>, 'C:\\Users\\Andre\\AppData\\Roaming\\Blender Foundation\\Blender\\5.2\\extensions\\.local\\lib\\python3.13\\site-packages\\pillow-12.2.0.dist-info', PermissionError(13, 'Access is denied'))
Failed to remove: (<built-in function unlink>, 'C:\\Users\\Andre\\AppData\\Roaming\\Blender Foundation\\Blender\\5.2\\extensions\\.local\\lib\\python3.13\\site-packages\\PIL\\AvifImagePlugin.py', PermissionError(13, 'Access is denied'))
Failed to remove: (<built-in function unlink>, 'C:\\Users\\Andre\\AppData\\Roaming\\Blender Foundation\\Blender\\5.2\\extensions\\.local\\lib\\python3.13\\site-packages\\PIL\\BdfFontFile.py', PermissionError(13, 'Access is denied'))
Failed to remove: (<built-in function unlink>, 'C:\\Users\\Andre\\AppData\\Roaming\\Blender Foundation\\Blender\\5.2\\extensions\\.local\\lib\\python3.13\\site-packages\\PIL\\BlpImagePlugin.py', PermissionError(13, 'Access is denied'))
Failed to remove: (<built-in function unlink>, 'C:\\Users\\Andre\\AppData\\Roaming\\Blender Foundation\\Blender\\5.2\\extensions\\.local\\lib\\python3.13\\site-packages\\PIL\\BmpImagePlugin.py', PermissionError(13, 'Access is denied'))
Failed to remove: (<built-in function unlink>, 'C:\\Users\\Andre\\AppData\\Roaming\\Blender Foundation\\Blender\\5.2\\extensions\\.local\\lib\\python3.13\\site-packages\\PIL\\BufrStubImagePlugin.py', PermissionError(13, 'Access is denied'))
Failed to remove: (<built-in function unlink>, 'C:\\Users\\Andre\\AppData\\Roaming\\Blender Foundation\\Blender\\5.2\\extensions\\.local\\lib\\python3.13\\site-packages\\PIL\\ContainerIO.py', PermissionError(13, 'Access is denied'))
Failed to remove: (<built-in function unlink>, 'C:\\Users\\Andre\\AppData\\Roaming\\Blender Foundation\\Blender\\5.2\\extensions\\.local\\lib\\python3.13\\site-packages\\PIL\\CurImagePlugin.py', PermissionError(13, 'Access is denied'))
Failed to remove: (<built-in function unlink>, 'C:\\Users\\Andre\\AppData\\Roaming\\Blender Foundation\\Blender\\5.2\\extensions\\.local\\lib\\python3.13\\site-packages\\PIL\\DcxImagePlugin.py', PermissionError(13, 'Access is denied'))
Failed to remove: (<built-in function unlink>, 'C:\\Users\\Andre\\AppData\\Roaming\\Blender Foundation\\Blender\\5.2\\extensions\\.local\\lib\\python3.13\\site-packages\\PIL\\DdsImagePlugin.py', PermissionError(13, 'Access is denied'))
Failed to remove: (<built-in function unlink>, 'C:\\Users\\Andre\\AppData\\Roaming\\Blender Foundation\\Blender\\5.2\\extensions\\.local\\lib\\python3.13\\site-packages\\PIL\\EpsImagePlugin.py', PermissionError(13, 'Access is denied'))
Failed to remove: (<built-in function unlink>, 'C:\\Users\\Andre\\AppData\\Roaming\\Blender Foundation\\Blender\\5.2\\extensions\\.local\\lib\\python3.13\\site-packages\\PIL\\ExifTags.py', PermissionError(13, 'Access is denied'))
Failed to remove: (<built-in function unlink>, 'C:\\Users\\Andre\\AppData\\Roaming\\Blender Foundation\\Blender\\5.2\\extensions\\.local\\lib\\python3.13\\site-packages\\PIL\\features.py', PermissionError(13, 'Access is denied'))
Failed to remove: (<built-in function unlink>, 'C:\\Users\\Andre\\AppData\\Roaming\\Blender Foundation\\Blender\\5.2\\extensions\\.local\\lib\\python3.13\\site-packages\\PIL\\FitsImagePlugin.py', PermissionError(13, 'Access is denied'))
Failed to remove: (<built-in function unlink>, 'C:\\Users\\Andre\\AppData\\Roaming\\Blender Foundation\\Blender\\5.2\\extensions\\.local\\lib\\python3.13\\site-packages\\PIL\\FliImagePlugin.py', PermissionError(13, 'Access is denied'))
Failed to remove: (<built-in function unlink>, 'C:\\Users\\Andre\\AppData\\Roaming\\Blender Foundation\\Blender\\5.2\\extensions\\.local\\lib\\python3.13\\site-packages\\PIL\\FontFile.py', PermissionError(13, 'Access is denied'))
Failed to remove: (<built-in function unlink>, 'C:\\Users\\Andre\\AppData\\Roaming\\Blender Foundation\\Blender\\5.2\\extensions\\.local\\lib\\python3.13\\site-packages\\PIL\\FpxImagePlugin.py', PermissionError(13, 'Access is denied'))
Failed to remove: (<built-in function unlink>, 'C:\\Users\\Andre\\AppData\\Roaming\\Blender Foundation\\Blender\\5.2\\extensions\\.local\\lib\\python3.13\\site-packages\\PIL\\FtexImagePlugin.py', PermissionError(13, 'Access is denied'))
Failed to remove: (<built-in function unlink>, 'C:\\Users\\Andre\\AppData\\Roaming\\Blender Foundation\\Blender\\5.2\\extensions\\.local\\lib\\python3.13\\site-packages\\PIL\\GbrImagePlugin.py', PermissionError(13, 'Access is denied'))
Failed to remove: (<built-in function unlink>, 'C:\\Users\\Andre\\AppData\\Roaming\\Blender Foundation\\Blender\\5.2\\extensions\\.local\\lib\\python3.13\\site-packages\\PIL\\GdImageFile.py', PermissionError(13, 'Access is denied'))
Failed to remove: (<built-in function unlink>, 'C:\\Users\\Andre\\AppData\\Roaming\\Blender Foundation\\Blender\\5.2\\extensions\\.local\\lib\\python3.13\\site-packages\\PIL\\GifImagePlugin.py', PermissionError(13, 'Access is denied'))
Failed to remove: (<built-in function unlink>, 'C:\\Users\\Andre\\AppData\\Roaming\\Blender Foundation\\Blender\\5.2\\extensions\\.local\\lib\\python3.13\\site-packages\\PIL\\GimpGradientFile.py', PermissionError(13, 'Access is denied'))
Failed to remove: (<built-in function unlink>, 'C:\\Users\\Andre\\AppData\\Roaming\\Blender Foundation\\Blender\\5.2\\extensions\\.local\\lib\\python3.13\\site-packages\\PIL\\GimpPaletteFile.py', PermissionError(13, 'Access is denied'))
Failed to remove: (<built-in function unlink>, 'C:\\Users\\Andre\\AppData\\Roaming\\Blender Foundation\\Blender\\5.2\\extensions\\.local\\lib\\python3.13\\site-packages\\PIL\\GribStubImagePlugin.py', PermissionError(13, 'Access is denied'))
Failed to remove: (<built-in function unlink>, 'C:\\Users\\Andre\\AppData\\Roaming\\Blender Foundation\\Blender\\5.2\\extensions\\.local\\lib\\python3.13\\site-packages\\PIL\\Hdf5StubImagePlugin.py', PermissionError(13, 'Access is denied'))
Failed to remove: (<built-in function unlink>, 'C:\\Users\\Andre\\AppData\\Roaming\\Blender Foundation\\Blender\\5.2\\extensions\\.local\\lib\\python3.13\\site-packages\\PIL\\IcnsImagePlugin.py', PermissionError(13, 'Access is denied'))
Failed to remove: (<built-in function unlink>, 'C:\\Users\\Andre\\AppData\\Roaming\\Blender Foundation\\Blender\\5.2\\extensions\\.local\\lib\\python3.13\\site-packages\\PIL\\IcoImagePlugin.py', PermissionError(13, 'Access is denied'))
Failed to remove: (<built-in function unlink>, 'C:\\Users\\Andre\\AppData\\Roaming\\Blender Foundation\\Blender\\5.2\\extensions\\.local\\lib\\python3.13\\site-packages\\PIL\\Image.py', PermissionError(13, 'Access is denied'))
Failed to remove: (<built-in function unlink>, 'C:\\Users\\Andre\\AppData\\Roaming\\Blender Foundation\\Blender\\5.2\\extensions\\.local\\lib\\python3.13\\site-packages\\PIL\\ImageChops.py', PermissionError(13, 'Access is denied'))
Failed to remove: (<built-in function unlink>, 'C:\\Users\\Andre\\AppData\\Roaming\\Blender Foundation\\Blender\\5.2\\extensions\\.local\\lib\\python3.13\\site-packages\\PIL\\ImageCms.py', PermissionError(13, 'Access is denied'))
Failed to remove: (<built-in function unlink>, 'C:\\Users\\Andre\\AppData\\Roaming\\Blender Foundation\\Blender\\5.2\\extensions\\.local\\lib\\python3.13\\site-packages\\PIL\\ImageColor.py', PermissionError(13, 'Access is denied'))
Failed to remove: (<built-in function unlink>, 'C:\\Users\\Andre\\AppData\\Roaming\\Blender Foundation\\Blender\\5.2\\extensions\\.local\\lib\\python3.13\\site-packages\\PIL\\ImageDraw.py', PermissionError(13, 'Access is denied'))
Failed to remove: (<built-in function unlink>, 'C:\\Users\\Andre\\AppData\\Roaming\\Blender Foundation\\Blender\\5.2\\extensions\\.local\\lib\\python3.13\\site-packages\\PIL\\ImageDraw2.py', PermissionError(13, 'Access is denied'))
Failed to remove: (<built-in function unlink>, 'C:\\Users\\Andre\\AppData\\Roaming\\Blender Foundation\\Blender\\5.2\\extensions\\.local\\lib\\python3.13\\site-packages\\PIL\\ImageEnhance.py', PermissionError(13, 'Access is denied'))
Failed to remove: (<built-in function unlink>, 'C:\\Users\\Andre\\AppData\\Roaming\\Blender Foundation\\Blender\\5.2\\extensions\\.local\\lib\\python3.13\\site-packages\\PIL\\ImageFile.py', PermissionError(13, 'Access is denied'))
Failed to remove: (<built-in function unlink>, 'C:\\Users\\Andre\\AppData\\Roaming\\Blender Foundation\\Blender\\5.2\\extensions\\.local\\lib\\python3.13\\site-packages\\PIL\\ImageFilter.py', PermissionError(13, 'Access is denied'))
Failed to remove: (<built-in function unlink>, 'C:\\Users\\Andre\\AppData\\Roaming\\Blender Foundation\\Blender\\5.2\\extensions\\.local\\lib\\python3.13\\site-packages\\PIL\\ImageFont.py', PermissionError(13, 'Access is denied'))
Failed to remove: (<built-in function unlink>, 'C:\\Users\\Andre\\AppData\\Roaming\\Blender Foundation\\Blender\\5.2\\extensions\\.local\\lib\\python3.13\\site-packages\\PIL\\ImageGrab.py', PermissionError(13, 'Access is denied'))
Failed to remove: (<built-in function unlink>, 'C:\\Users\\Andre\\AppData\\Roaming\\Blender Foundation\\Blender\\5.2\\extensions\\.local\\lib\\python3.13\\site-packages\\PIL\\ImageMath.py', PermissionError(13, 'Access is denied'))
Failed to remove: (<built-in function unlink>, 'C:\\Users\\Andre\\AppData\\Roaming\\Blender Foundation\\Blender\\5.2\\extensions\\.local\\lib\\python3.13\\site-packages\\PIL\\ImageMode.py', PermissionError(13, 'Access is denied'))
Failed to remove: (<built-in function unlink>, 'C:\\Users\\Andre\\AppData\\Roaming\\Blender Foundation\\Blender\\5.2\\extensions\\.local\\lib\\python3.13\\site-packages\\PIL\\ImageMorph.py', PermissionError(13, 'Access is denied'))
Failed to remove: (<built-in function unlink>, 'C:\\Users\\Andre\\AppData\\Roaming\\Blender Foundation\\Blender\\5.2\\extensions\\.local\\lib\\python3.13\\site-packages\\PIL\\ImageOps.py', PermissionError(13, 'Access is denied'))
Failed to remove: (<built-in function unlink>, 'C:\\Users\\Andre\\AppData\\Roaming\\Blender Foundation\\Blender\\5.2\\extensions\\.local\\lib\\python3.13\\site-packages\\PIL\\ImagePalette.py', PermissionError(13, 'Access is denied'))
Failed to remove: (<built-in function unlink>, 'C:\\Users\\Andre\\AppData\\Roaming\\Blender Foundation\\Blender\\5.2\\extensions\\.local\\lib\\python3.13\\site-packages\\PIL\\ImagePath.py', PermissionError(13, 'Access is denied'))
Failed to remove: (<built-in function unlink>, 'C:\\Users\\Andre\\AppData\\Roaming\\Blender Foundation\\Blender\\5.2\\extensions\\.local\\lib\\python3.13\\site-packages\\PIL\\ImageQt.py', PermissionError(13, 'Access is denied'))
Failed to remove: (<built-in function unlink>, 'C:\\Users\\Andre\\AppData\\Roaming\\Blender Foundation\\Blender\\5.2\\extensions\\.local\\lib\\python3.13\\site-packages\\PIL\\ImageSequence.py', PermissionError(13, 'Access is denied'))
Failed to remove: (<built-in function unlink>, 'C:\\Users\\Andre\\AppData\\Roaming\\Blender Foundation\\Blender\\5.2\\extensions\\.local\\lib\\python3.13\\site-packages\\PIL\\ImageShow.py', PermissionError(13, 'Access is denied'))
Failed to remove: (<built-in function unlink>, 'C:\\Users\\Andre\\AppData\\Roaming\\Blender Foundation\\Blender\\5.2\\extensions\\.local\\lib\\python3.13\\site-packages\\PIL\\ImageStat.py', PermissionError(13, 'Access is denied'))
Failed to remove: (<built-in function unlink>, 'C:\\Users\\Andre\\AppData\\Roaming\\Blender Foundation\\Blender\\5.2\\extensions\\.local\\lib\\python3.13\\site-packages\\PIL\\ImageText.py', PermissionError(13, 'Access is denied'))
Failed to remove: (<built-in function unlink>, 'C:\\Users\\Andre\\AppData\\Roaming\\Blender Foundation\\Blender\\5.2\\extensions\\.local\\lib\\python3.13\\site-packages\\PIL\\ImageTk.py', PermissionError(13, 'Access is denied'))
Failed to remove: (<built-in function unlink>, 'C:\\Users\\Andre\\AppData\\Roaming\\Blender Foundation\\Blender\\5.2\\extensions\\.local\\lib\\python3.13\\site-packages\\PIL\\ImageTransform.py', PermissionError(13, 'Access is denied'))
Failed to remove: (<built-in function unlink>, 'C:\\Users\\Andre\\AppData\\Roaming\\Blender Foundation\\Blender\\5.2\\extensions\\.local\\lib\\python3.13\\site-packages\\PIL\\ImageWin.py', PermissionError(13, 'Access is denied'))
Failed to remove: (<built-in function unlink>, 'C:\\Users\\Andre\\AppData\\Roaming\\Blender Foundation\\Blender\\5.2\\extensions\\.local\\lib\\python3.13\\site-packages\\PIL\\ImImagePlugin.py', PermissionError(13, 'Access is denied'))
Failed to remove: (<built-in function unlink>, 'C:\\Users\\Andre\\AppData\\Roaming\\Blender Foundation\\Blender\\5.2\\extensions\\.local\\lib\\python3.13\\site-packages\\PIL\\ImtImagePlugin.py', PermissionError(13, 'Access is denied'))
Failed to remove: (<built-in function unlink>, 'C:\\Users\\Andre\\AppData\\Roaming\\Blender Foundation\\Blender\\5.2\\extensions\\.local\\lib\\python3.13\\site-packages\\PIL\\IptcImagePlugin.py', PermissionError(13, 'Access is denied'))
Failed to remove: (<built-in function unlink>, 'C:\\Users\\Andre\\AppData\\Roaming\\Blender Foundation\\Blender\\5.2\\extensions\\.local\\lib\\python3.13\\site-packages\\PIL\\Jpeg2KImagePlugin.py', PermissionError(13, 'Access is denied'))
Failed to remove: (<built-in function unlink>, 'C:\\Users\\Andre\\AppData\\Roaming\\Blender Foundation\\Blender\\5.2\\extensions\\.local\\lib\\python3.13\\site-packages\\PIL\\JpegImagePlugin.py', PermissionError(13, 'Access is denied'))
Failed to remove: (<built-in function unlink>, 'C:\\Users\\Andre\\AppData\\Roaming\\Blender Foundation\\Blender\\5.2\\extensions\\.local\\lib\\python3.13\\site-packages\\PIL\\JpegPresets.py', PermissionError(13, 'Access is denied'))
Failed to remove: (<built-in function unlink>, 'C:\\Users\\Andre\\AppData\\Roaming\\Blender Foundation\\Blender\\5.2\\extensions\\.local\\lib\\python3.13\\site-packages\\PIL\\McIdasImagePlugin.py', PermissionError(13, 'Access is denied'))
Failed to remove: (<built-in function unlink>, 'C:\\Users\\Andre\\AppData\\Roaming\\Blender Foundation\\Blender\\5.2\\extensions\\.local\\lib\\python3.13\\site-packages\\PIL\\MicImagePlugin.py', PermissionError(13, 'Access is denied'))
Failed to remove: (<built-in function unlink>, 'C:\\Users\\Andre\\AppData\\Roaming\\Blender Foundation\\Blender\\5.2\\extensions\\.local\\lib\\python3.13\\site-packages\\PIL\\MpegImagePlugin.py', PermissionError(13, 'Access is denied'))
Failed to remove: (<built-in function unlink>, 'C:\\Users\\Andre\\AppData\\Roaming\\Blender Foundation\\Blender\\5.2\\extensions\\.local\\lib\\python3.13\\site-packages\\PIL\\MpoImagePlugin.py', PermissionError(13, 'Access is denied'))
Failed to remove: (<built-in function unlink>, 'C:\\Users\\Andre\\AppData\\Roaming\\Blender Foundation\\Blender\\5.2\\extensions\\.local\\lib\\python3.13\\site-packages\\PIL\\MspImagePlugin.py', PermissionError(13, 'Access is denied'))
Failed to remove: (<built-in function unlink>, 'C:\\Users\\Andre\\AppData\\Roaming\\Blender Foundation\\Blender\\5.2\\extensions\\.local\\lib\\python3.13\\site-packages\\PIL\\PaletteFile.py', PermissionError(13, 'Access is denied'))
Failed to remove: (<built-in function unlink>, 'C:\\Users\\Andre\\AppData\\Roaming\\Blender Foundation\\Blender\\5.2\\extensions\\.local\\lib\\python3.13\\site-packages\\PIL\\PalmImagePlugin.py', PermissionError(13, 'Access is denied'))
Failed to remove: (<built-in function unlink>, 'C:\\Users\\Andre\\AppData\\Roaming\\Blender Foundation\\Blender\\5.2\\extensions\\.local\\lib\\python3.13\\site-packages\\PIL\\PcdImagePlugin.py', PermissionError(13, 'Access is denied'))
Failed to remove: (<built-in function unlink>, 'C:\\Users\\Andre\\AppData\\Roaming\\Blender Foundation\\Blender\\5.2\\extensions\\.local\\lib\\python3.13\\site-packages\\PIL\\PcfFontFile.py', PermissionError(13, 'Access is denied'))
Failed to remove: (<built-in function unlink>, 'C:\\Users\\Andre\\AppData\\Roaming\\Blender Foundation\\Blender\\5.2\\extensions\\.local\\lib\\python3.13\\site-packages\\PIL\\PcxImagePlugin.py', PermissionError(13, 'Access is denied'))
Failed to remove: (<built-in function unlink>, 'C:\\Users\\Andre\\AppData\\Roaming\\Blender Foundation\\Blender\\5.2\\extensions\\.local\\lib\\python3.13\\site-packages\\PIL\\PdfImagePlugin.py', PermissionError(13, 'Access is denied'))
Failed to remove: (<built-in function unlink>, 'C:\\Users\\Andre\\AppData\\Roaming\\Blender Foundation\\Blender\\5.2\\extensions\\.local\\lib\\python3.13\\site-packages\\PIL\\PdfParser.py', PermissionError(13, 'Access is denied'))
Failed to remove: (<built-in function unlink>, 'C:\\Users\\Andre\\AppData\\Roaming\\Blender Foundation\\Blender\\5.2\\extensions\\.local\\lib\\python3.13\\site-packages\\PIL\\PixarImagePlugin.py', PermissionError(13, 'Access is denied'))
Failed to remove: (<built-in function unlink>, 'C:\\Users\\Andre\\AppData\\Roaming\\Blender Foundation\\Blender\\5.2\\extensions\\.local\\lib\\python3.13\\site-packages\\PIL\\PngImagePlugin.py', PermissionError(13, 'Access is denied'))
Failed to remove: (<built-in function unlink>, 'C:\\Users\\Andre\\AppData\\Roaming\\Blender Foundation\\Blender\\5.2\\extensions\\.local\\lib\\python3.13\\site-packages\\PIL\\PpmImagePlugin.py', PermissionError(13, 'Access is denied'))
Failed to remove: (<built-in function unlink>, 'C:\\Users\\Andre\\AppData\\Roaming\\Blender Foundation\\Blender\\5.2\\extensions\\.local\\lib\\python3.13\\site-packages\\PIL\\PsdImagePlugin.py', PermissionError(13, 'Access is denied'))
Failed to remove: (<built-in function unlink>, 'C:\\Users\\Andre\\AppData\\Roaming\\Blender Foundation\\Blender\\5.2\\extensions\\.local\\lib\\python3.13\\site-packages\\PIL\\PSDraw.py', PermissionError(13, 'Access is denied'))
Failed to remove: (<built-in function unlink>, 'C:\\Users\\Andre\\AppData\\Roaming\\Blender Foundation\\Blender\\5.2\\extensions\\.local\\lib\\python3.13\\site-packages\\PIL\\py.typed', PermissionError(13, 'Access is denied'))
Failed to remove: (<built-in function unlink>, 'C:\\Users\\Andre\\AppData\\Roaming\\Blender Foundation\\Blender\\5.2\\extensions\\.local\\lib\\python3.13\\site-packages\\PIL\\QoiImagePlugin.py', PermissionError(13, 'Access is denied'))
Failed to remove: (<built-in function unlink>, 'C:\\Users\\Andre\\AppData\\Roaming\\Blender Foundation\\Blender\\5.2\\extensions\\.local\\lib\\python3.13\\site-packages\\PIL\\report.py', PermissionError(13, 'Access is denied'))
Failed to remove: (<built-in function unlink>, 'C:\\Users\\Andre\\AppData\\Roaming\\Blender Foundation\\Blender\\5.2\\extensions\\.local\\lib\\python3.13\\site-packages\\PIL\\SgiImagePlugin.py', PermissionError(13, 'Access is denied'))
Failed to remove: (<built-in function unlink>, 'C:\\Users\\Andre\\AppData\\Roaming\\Blender Foundation\\Blender\\5.2\\extensions\\.local\\lib\\python3.13\\site-packages\\PIL\\SpiderImagePlugin.py', PermissionError(13, 'Access is denied'))
Failed to remove: (<built-in function unlink>, 'C:\\Users\\Andre\\AppData\\Roaming\\Blender Foundation\\Blender\\5.2\\extensions\\.local\\lib\\python3.13\\site-packages\\PIL\\SunImagePlugin.py', PermissionError(13, 'Access is denied'))
Failed to remove: (<built-in function unlink>, 'C:\\Users\\Andre\\AppData\\Roaming\\Blender Foundation\\Blender\\5.2\\extensions\\.local\\lib\\python3.13\\site-packages\\PIL\\TarIO.py', PermissionError(13, 'Access is denied'))
Failed to remove: (<built-in function unlink>, 'C:\\Users\\Andre\\AppData\\Roaming\\Blender Foundation\\Blender\\5.2\\extensions\\.local\\lib\\python3.13\\site-packages\\PIL\\TgaImagePlugin.py', PermissionError(13, 'Access is denied'))
Failed to remove: (<built-in function unlink>, 'C:\\Users\\Andre\\AppData\\Roaming\\Blender Foundation\\Blender\\5.2\\extensions\\.local\\lib\\python3.13\\site-packages\\PIL\\TiffImagePlugin.py', PermissionError(13, 'Access is denied'))
Failed to remove: (<built-in function unlink>, 'C:\\Users\\Andre\\AppData\\Roaming\\Blender Foundation\\Blender\\5.2\\extensions\\.local\\lib\\python3.13\\site-packages\\PIL\\TiffTags.py', PermissionError(13, 'Access is denied'))
Failed to remove: (<built-in function unlink>, 'C:\\Users\\Andre\\AppData\\Roaming\\Blender Foundation\\Blender\\5.2\\extensions\\.local\\lib\\python3.13\\site-packages\\PIL\\WalImageFile.py', PermissionError(13, 'Access is denied'))
Failed to remove: (<built-in function unlink>, 'C:\\Users\\Andre\\AppData\\Roaming\\Blender Foundation\\Blender\\5.2\\extensions\\.local\\lib\\python3.13\\site-packages\\PIL\\WebPImagePlugin.py', PermissionError(13, 'Access is denied'))
Failed to remove: (<built-in function unlink>, 'C:\\Users\\Andre\\AppData\\Roaming\\Blender Foundation\\Blender\\5.2\\extensions\\.local\\lib\\python3.13\\site-packages\\PIL\\WmfImagePlugin.py', PermissionError(13, 'Access is denied'))
Failed to remove: (<built-in function unlink>, 'C:\\Users\\Andre\\AppData\\Roaming\\Blender Foundation\\Blender\\5.2\\extensions\\.local\\lib\\python3.13\\site-packages\\PIL\\XbmImagePlugin.py', PermissionError(13, 'Access is denied'))
Failed to remove: (<built-in function unlink>, 'C:\\Users\\Andre\\AppData\\Roaming\\Blender Foundation\\Blender\\5.2\\extensions\\.local\\lib\\python3.13\\site-packages\\PIL\\XpmImagePlugin.py', PermissionError(13, 'Access is denied'))
Failed to remove: (<built-in function unlink>, 'C:\\Users\\Andre\\AppData\\Roaming\\Blender Foundation\\Blender\\5.2\\extensions\\.local\\lib\\python3.13\\site-packages\\PIL\\XVThumbImagePlugin.py', PermissionError(13, 'Access is denied'))
Failed to remove: (<built-in function unlink>, 'C:\\Users\\Andre\\AppData\\Roaming\\Blender Foundation\\Blender\\5.2\\extensions\\.local\\lib\\python3.13\\site-packages\\PIL\\_avif.cp313-win_amd64.pyd', PermissionError(13, 'Access is denied'))
Failed to remove: (<built-in function unlink>, 'C:\\Users\\Andre\\AppData\\Roaming\\Blender Foundation\\Blender\\5.2\\extensions\\.local\\lib\\python3.13\\site-packages\\PIL\\_avif.pyi', PermissionError(13, 'Access is denied'))
Failed to remove: (<built-in function unlink>, 'C:\\Users\\Andre\\AppData\\Roaming\\Blender Foundation\\Blender\\5.2\\extensions\\.local\\lib\\python3.13\\site-packages\\PIL\\_binary.py', PermissionError(13, 'Access is denied'))
Failed to remove: (<built-in function unlink>, 'C:\\Users\\Andre\\AppData\\Roaming\\Blender Foundation\\Blender\\5.2\\extensions\\.local\\lib\\python3.13\\site-packages\\PIL\\_deprecate.py', PermissionError(13, 'Access is denied'))
Failed to remove: (<built-in function unlink>, 'C:\\Users\\Andre\\AppData\\Roaming\\Blender Foundation\\Blender\\5.2\\extensions\\.local\\lib\\python3.13\\site-packages\\PIL\\_imaging.cp313-win_amd64.pyd', PermissionError(13, 'Access is denied'))
Failed to remove: (<built-in function unlink>, 'C:\\Users\\Andre\\AppData\\Roaming\\Blender Foundation\\Blender\\5.2\\extensions\\.local\\lib\\python3.13\\site-packages\\PIL\\_imaging.pyi', PermissionError(13, 'Access is denied'))
Failed to remove: (<built-in function unlink>, 'C:\\Users\\Andre\\AppData\\Roaming\\Blender Foundation\\Blender\\5.2\\extensions\\.local\\lib\\python3.13\\site-packages\\PIL\\_imagingcms.cp313-win_amd64.pyd', PermissionError(13, 'Access is denied'))
Failed to remove: (<built-in function unlink>, 'C:\\Users\\Andre\\AppData\\Roaming\\Blender Foundation\\Blender\\5.2\\extensions\\.local\\lib\\python3.13\\site-packages\\PIL\\_imagingcms.pyi', PermissionError(13, 'Access is denied'))
Failed to remove: (<built-in function unlink>, 'C:\\Users\\Andre\\AppData\\Roaming\\Blender Foundation\\Blender\\5.2\\extensions\\.local\\lib\\python3.13\\site-packages\\PIL\\_imagingft.cp313-win_amd64.pyd', PermissionError(13, 'Access is denied'))
Failed to remove: (<built-in function unlink>, 'C:\\Users\\Andre\\AppData\\Roaming\\Blender Foundation\\Blender\\5.2\\extensions\\.local\\lib\\python3.13\\site-packages\\PIL\\_imagingft.pyi', PermissionError(13, 'Access is denied'))
Failed to remove: (<built-in function unlink>, 'C:\\Users\\Andre\\AppData\\Roaming\\Blender Foundation\\Blender\\5.2\\extensions\\.local\\lib\\python3.13\\site-packages\\PIL\\_imagingmath.cp313-win_amd64.pyd', PermissionError(13, 'Access is denied'))
Failed to remove: (<built-in function unlink>, 'C:\\Users\\Andre\\AppData\\Roaming\\Blender Foundation\\Blender\\5.2\\extensions\\.local\\lib\\python3.13\\site-packages\\PIL\\_imagingmath.pyi', PermissionError(13, 'Access is denied'))
Failed to remove: (<built-in function unlink>, 'C:\\Users\\Andre\\AppData\\Roaming\\Blender Foundation\\Blender\\5.2\\extensions\\.local\\lib\\python3.13\\site-packages\\PIL\\_imagingmorph.cp313-win_amd64.pyd', PermissionError(13, 'Access is denied'))
Failed to remove: (<built-in function unlink>, 'C:\\Users\\Andre\\AppData\\Roaming\\Blender Foundation\\Blender\\5.2\\extensions\\.local\\lib\\python3.13\\site-packages\\PIL\\_imagingmorph.pyi', PermissionError(13, 'Access is denied'))
Failed to remove: (<built-in function unlink>, 'C:\\Users\\Andre\\AppData\\Roaming\\Blender Foundation\\Blender\\5.2\\extensions\\.local\\lib\\python3.13\\site-packages\\PIL\\_imagingtk.cp313-win_amd64.pyd', PermissionError(13, 'Access is denied'))
Failed to remove: (<built-in function unlink>, 'C:\\Users\\Andre\\AppData\\Roaming\\Blender Foundation\\Blender\\5.2\\extensions\\.local\\lib\\python3.13\\site-packages\\PIL\\_imagingtk.pyi', PermissionError(13, 'Access is denied'))
Failed to remove: (<built-in function unlink>, 'C:\\Users\\Andre\\AppData\\Roaming\\Blender Foundation\\Blender\\5.2\\extensions\\.local\\lib\\python3.13\\site-packages\\PIL\\_tkinter_finder.py', PermissionError(13, 'Access is denied'))
Failed to remove: (<built-in function unlink>, 'C:\\Users\\Andre\\AppData\\Roaming\\Blender Foundation\\Blender\\5.2\\extensions\\.local\\lib\\python3.13\\site-packages\\PIL\\_typing.py', PermissionError(13, 'Access is denied'))
Failed to remove: (<built-in function unlink>, 'C:\\Users\\Andre\\AppData\\Roaming\\Blender Foundation\\Blender\\5.2\\extensions\\.local\\lib\\python3.13\\site-packages\\PIL\\_util.py', PermissionError(13, 'Access is denied'))
Failed to remove: (<built-in function unlink>, 'C:\\Users\\Andre\\AppData\\Roaming\\Blender Foundation\\Blender\\5.2\\extensions\\.local\\lib\\python3.13\\site-packages\\PIL\\_version.py', PermissionError(13, 'Access is denied'))
Failed to remove: (<built-in function unlink>, 'C:\\Users\\Andre\\AppData\\Roaming\\Blender Foundation\\Blender\\5.2\\extensions\\.local\\lib\\python3.13\\site-packages\\PIL\\_webp.cp313-win_amd64.pyd', PermissionError(13, 'Access is denied'))
Failed to remove: (<built-in function unlink>, 'C:\\Users\\Andre\\AppData\\Roaming\\Blender Foundation\\Blender\\5.2\\extensions\\.local\\lib\\python3.13\\site-packages\\PIL\\_webp.pyi', PermissionError(13, 'Access is denied'))
Failed to remove: (<built-in function unlink>, 'C:\\Users\\Andre\\AppData\\Roaming\\Blender Foundation\\Blender\\5.2\\extensions\\.local\\lib\\python3.13\\site-packages\\PIL\\__init__.py', PermissionError(13, 'Access is denied'))
Failed to remove: (<built-in function unlink>, 'C:\\Users\\Andre\\AppData\\Roaming\\Blender Foundation\\Blender\\5.2\\extensions\\.local\\lib\\python3.13\\site-packages\\PIL\\__main__.py', PermissionError(13, 'Access is denied'))
Failed to remove: (<built-in function rmdir>, 'C:\\Users\\Andre\\AppData\\Roaming\\Blender Foundation\\Blender\\5.2\\extensions\\.local\\lib\\python3.13\\site-packages\\PIL', PermissionError(13, 'Access is denied'))
Failed to remove: (<built-in function unlink>, 'C:\\Users\\Andre\\AppData\\Roaming\\Blender Foundation\\Blender\\5.2\\extensions\\.local\\lib\\python3.13\\site-packages\\sniffio-1.3.1.dist-info\\LICENSE', PermissionError(13, 'Access is denied'))
Failed to remove: (<built-in function unlink>, 'C:\\Users\\Andre\\AppData\\Roaming\\Blender Foundation\\Blender\\5.2\\extensions\\.local\\lib\\python3.13\\site-packages\\sniffio-1.3.1.dist-info\\LICENSE.APACHE2', PermissionError(13, 'Access is denied'))
Failed to remove: (<built-in function unlink>, 'C:\\Users\\Andre\\AppData\\Roaming\\Blender Foundation\\Blender\\5.2\\extensions\\.local\\lib\\python3.13\\site-packages\\sniffio-1.3.1.dist-info\\LICENSE.MIT', PermissionError(13, 'Access is denied'))
Failed to remove: (<built-in function unlink>, 'C:\\Users\\Andre\\AppData\\Roaming\\Blender Foundation\\Blender\\5.2\\extensions\\.local\\lib\\python3.13\\site-packages\\sniffio-1.3.1.dist-info\\METADATA', PermissionError(13, 'Access is denied'))
Failed to remove: (<built-in function unlink>, 'C:\\Users\\Andre\\AppData\\Roaming\\Blender Foundation\\Blender\\5.2\\extensions\\.local\\lib\\python3.13\\site-packages\\sniffio-1.3.1.dist-info\\RECORD', PermissionError(13, 'Access is denied'))
Failed to remove: (<built-in function unlink>, 'C:\\Users\\Andre\\AppData\\Roaming\\Blender Foundation\\Blender\\5.2\\extensions\\.local\\lib\\python3.13\\site-packages\\sniffio-1.3.1.dist-info\\top_level.txt', PermissionError(13, 'Access is denied'))
Failed to remove: (<built-in function unlink>, 'C:\\Users\\Andre\\AppData\\Roaming\\Blender Foundation\\Blender\\5.2\\extensions\\.local\\lib\\python3.13\\site-packages\\sniffio-1.3.1.dist-info\\WHEEL', PermissionError(13, 'Access is denied'))
Failed to remove: (<built-in function rmdir>, 'C:\\Users\\Andre\\AppData\\Roaming\\Blender Foundation\\Blender\\5.2\\extensions\\.local\\lib\\python3.13\\site-packages\\sniffio-1.3.1.dist-info', PermissionError(13, 'Access is denied'))
Failed to remove: (<built-in function unlink>, 'C:\\Users\\Andre\\AppData\\Roaming\\Blender Foundation\\Blender\\5.2\\extensions\\.local\\lib\\python3.13\\site-packages\\sniffio\\_tests\\test_sniffio.py', PermissionError(13, 'Access is denied'))
Failed to remove: (<built-in function unlink>, 'C:\\Users\\Andre\\AppData\\Roaming\\Blender Foundation\\Blender\\5.2\\extensions\\.local\\lib\\python3.13\\site-packages\\sniffio\\_tests\\__init__.py', PermissionError(13, 'Access is denied'))
Failed to remove: (<built-in function rmdir>, 'C:\\Users\\Andre\\AppData\\Roaming\\Blender Foundation\\Blender\\5.2\\extensions\\.local\\lib\\python3.13\\site-packages\\sniffio\\_tests', PermissionError(13, 'Access is denied'))
Failed to remove: (<built-in function unlink>, 'C:\\Users\\Andre\\AppData\\Roaming\\Blender Foundation\\Blender\\5.2\\extensions\\.local\\lib\\python3.13\\site-packages\\sniffio\\py.typed', PermissionError(13, 'Access is denied'))
Failed to remove: (<built-in function unlink>, 'C:\\Users\\Andre\\AppData\\Roaming\\Blender Foundation\\Blender\\5.2\\extensions\\.local\\lib\\python3.13\\site-packages\\sniffio\\_impl.py', PermissionError(13, 'Access is denied'))
Failed to remove: (<built-in function unlink>, 'C:\\Users\\Andre\\AppData\\Roaming\\Blender Foundation\\Blender\\5.2\\extensions\\.local\\lib\\python3.13\\site-packages\\sniffio\\_version.py', PermissionError(13, 'Access is denied'))
Failed to remove: (<built-in function unlink>, 'C:\\Users\\Andre\\AppData\\Roaming\\Blender Foundation\\Blender\\5.2\\extensions\\.local\\lib\\python3.13\\site-packages\\sniffio\\__init__.py', PermissionError(13, 'Access is denied'))
Failed to remove: (<built-in function rmdir>, 'C:\\Users\\Andre\\AppData\\Roaming\\Blender Foundation\\Blender\\5.2\\extensions\\.local\\lib\\python3.13\\site-packages\\sniffio', PermissionError(13, 'Access is denied'))
Failed to remove: (<built-in function unlink>, 'C:\\Users\\Andre\\AppData\\Roaming\\Blender Foundation\\Blender\\5.2\\extensions\\.local\\lib\\python3.13\\site-packages\\websockets-16.0.dist-info\\licenses\\LICENSE', PermissionError(13, 'Access is denied'))
Failed to remove: (<built-in function rmdir>, 'C:\\Users\\Andre\\AppData\\Roaming\\Blender Foundation\\Blender\\5.2\\extensions\\.local\\lib\\python3.13\\site-packages\\websockets-16.0.dist-info\\licenses', PermissionError(13, 'Access is denied'))
Failed to remove: (<built-in function unlink>, 'C:\\Users\\Andre\\AppData\\Roaming\\Blender Foundation\\Blender\\5.2\\extensions\\.local\\lib\\python3.13\\site-packages\\websockets-16.0.dist-info\\entry_points.txt', PermissionError(13, 'Access is denied'))
Failed to remove: (<built-in function unlink>, 'C:\\Users\\Andre\\AppData\\Roaming\\Blender Foundation\\Blender\\5.2\\extensions\\.local\\lib\\python3.13\\site-packages\\websockets-16.0.dist-info\\METADATA', PermissionError(13, 'Access is denied'))
Failed to remove: (<built-in function unlink>, 'C:\\Users\\Andre\\AppData\\Roaming\\Blender Foundation\\Blender\\5.2\\extensions\\.local\\lib\\python3.13\\site-packages\\websockets-16.0.dist-info\\RECORD', PermissionError(13, 'Access is denied'))
Failed to remove: (<built-in function unlink>, 'C:\\Users\\Andre\\AppData\\Roaming\\Blender Foundation\\Blender\\5.2\\extensions\\.local\\lib\\python3.13\\site-packages\\websockets-16.0.dist-info\\top_level.txt', PermissionError(13, 'Access is denied'))
Failed to remove: (<built-in function unlink>, 'C:\\Users\\Andre\\AppData\\Roaming\\Blender Foundation\\Blender\\5.2\\extensions\\.local\\lib\\python3.13\\site-packages\\websockets-16.0.dist-info\\WHEEL', PermissionError(13, 'Access is denied'))
Failed to remove: (<built-in function rmdir>, 'C:\\Users\\Andre\\AppData\\Roaming\\Blender Foundation\\Blender\\5.2\\extensions\\.local\\lib\\python3.13\\site-packages\\websockets-16.0.dist-info', PermissionError(13, 'Access is denied'))
Failed to remove: (<built-in function unlink>, 'C:\\Users\\Andre\\AppData\\Roaming\\Blender Foundation\\Blender\\5.2\\extensions\\.local\\lib\\python3.13\\site-packages\\websockets\\asyncio\\async_timeout.py', PermissionError(13, 'Access is denied'))
Failed to remove: (<built-in function unlink>, 'C:\\Users\\Andre\\AppData\\Roaming\\Blender Foundation\\Blender\\5.2\\extensions\\.local\\lib\\python3.13\\site-packages\\websockets\\asyncio\\client.py', PermissionError(13, 'Access is denied'))
Failed to remove: (<built-in function unlink>, 'C:\\Users\\Andre\\AppData\\Roaming\\Blender Foundation\\Blender\\5.2\\extensions\\.local\\lib\\python3.13\\site-packages\\websockets\\asyncio\\compatibility.py', PermissionError(13, 'Access is denied'))
Failed to remove: (<built-in function unlink>, 'C:\\Users\\Andre\\AppData\\Roaming\\Blender Foundation\\Blender\\5.2\\extensions\\.local\\lib\\python3.13\\site-packages\\websockets\\asyncio\\connection.py', PermissionError(13, 'Access is denied'))
Failed to remove: (<built-in function unlink>, 'C:\\Users\\Andre\\AppData\\Roaming\\Blender Foundation\\Blender\\5.2\\extensions\\.local\\lib\\python3.13\\site-packages\\websockets\\asyncio\\messages.py', PermissionError(13, 'Access is denied'))
Failed to remove: (<built-in function unlink>, 'C:\\Users\\Andre\\AppData\\Roaming\\Blender Foundation\\Blender\\5.2\\extensions\\.local\\lib\\python3.13\\site-packages\\websockets\\asyncio\\router.py', PermissionError(13, 'Access is denied'))
Failed to remove: (<built-in function unlink>, 'C:\\Users\\Andre\\AppData\\Roaming\\Blender Foundation\\Blender\\5.2\\extensions\\.local\\lib\\python3.13\\site-packages\\websockets\\asyncio\\server.py', PermissionError(13, 'Access is denied'))
Failed to remove: (<built-in function unlink>, 'C:\\Users\\Andre\\AppData\\Roaming\\Blender Foundation\\Blender\\5.2\\extensions\\.local\\lib\\python3.13\\site-packages\\websockets\\asyncio\\__init__.py', PermissionError(13, 'Access is denied'))
Failed to remove: (<built-in function unlink>, 'C:\\Users\\Andre\\AppData\\Roaming\\Blender Foundation\\Blender\\5.2\\extensions\\.local\\lib\\python3.13\\site-packages\\websockets\\extensions\\base.py', PermissionError(13, 'Access is denied'))
Failed to remove: (<built-in function unlink>, 'C:\\Users\\Andre\\AppData\\Roaming\\Blender Foundation\\Blender\\5.2\\extensions\\.local\\lib\\python3.13\\site-packages\\websockets\\extensions\\permessage_deflate.py', PermissionError(13, 'Access is denied'))
Failed to remove: (<built-in function unlink>, 'C:\\Users\\Andre\\AppData\\Roaming\\Blender Foundation\\Blender\\5.2\\extensions\\.local\\lib\\python3.13\\site-packages\\websockets\\extensions\\__init__.py', PermissionError(13, 'Access is denied'))
Failed to remove: (<built-in function unlink>, 'C:\\Users\\Andre\\AppData\\Roaming\\Blender Foundation\\Blender\\5.2\\extensions\\.local\\lib\\python3.13\\site-packages\\websockets\\legacy\\auth.py', PermissionError(13, 'Access is denied'))
Failed to remove: (<built-in function unlink>, 'C:\\Users\\Andre\\AppData\\Roaming\\Blender Foundation\\Blender\\5.2\\extensions\\.local\\lib\\python3.13\\site-packages\\websockets\\legacy\\client.py', PermissionError(13, 'Access is denied'))
Failed to remove: (<built-in function unlink>, 'C:\\Users\\Andre\\AppData\\Roaming\\Blender Foundation\\Blender\\5.2\\extensions\\.local\\lib\\python3.13\\site-packages\\websockets\\legacy\\exceptions.py', PermissionError(13, 'Access is denied'))
Failed to remove: (<built-in function unlink>, 'C:\\Users\\Andre\\AppData\\Roaming\\Blender Foundation\\Blender\\5.2\\extensions\\.local\\lib\\python3.13\\site-packages\\websockets\\legacy\\framing.py', PermissionError(13, 'Access is denied'))
Failed to remove: (<built-in function unlink>, 'C:\\Users\\Andre\\AppData\\Roaming\\Blender Foundation\\Blender\\5.2\\extensions\\.local\\lib\\python3.13\\site-packages\\websockets\\legacy\\handshake.py', PermissionError(13, 'Access is denied'))
Failed to remove: (<built-in function unlink>, 'C:\\Users\\Andre\\AppData\\Roaming\\Blender Foundation\\Blender\\5.2\\extensions\\.local\\lib\\python3.13\\site-packages\\websockets\\legacy\\http.py', PermissionError(13, 'Access is denied'))
Failed to remove: (<built-in function unlink>, 'C:\\Users\\Andre\\AppData\\Roaming\\Blender Foundation\\Blender\\5.2\\extensions\\.local\\lib\\python3.13\\site-packages\\websockets\\legacy\\protocol.py', PermissionError(13, 'Access is denied'))
Failed to remove: (<built-in function unlink>, 'C:\\Users\\Andre\\AppData\\Roaming\\Blender Foundation\\Blender\\5.2\\extensions\\.local\\lib\\python3.13\\site-packages\\websockets\\legacy\\server.py', PermissionError(13, 'Access is denied'))
Failed to remove: (<built-in function unlink>, 'C:\\Users\\Andre\\AppData\\Roaming\\Blender Foundation\\Blender\\5.2\\extensions\\.local\\lib\\python3.13\\site-packages\\websockets\\legacy\\__init__.py', PermissionError(13, 'Access is denied'))
Failed to remove: (<built-in function unlink>, 'C:\\Users\\Andre\\AppData\\Roaming\\Blender Foundation\\Blender\\5.2\\extensions\\.local\\lib\\python3.13\\site-packages\\websockets\\sync\\client.py', PermissionError(13, 'Access is denied'))
Failed to remove: (<built-in function unlink>, 'C:\\Users\\Andre\\AppData\\Roaming\\Blender Foundation\\Blender\\5.2\\extensions\\.local\\lib\\python3.13\\site-packages\\websockets\\sync\\connection.py', PermissionError(13, 'Access is denied'))
Failed to remove: (<built-in function unlink>, 'C:\\Users\\Andre\\AppData\\Roaming\\Blender Foundation\\Blender\\5.2\\extensions\\.local\\lib\\python3.13\\site-packages\\websockets\\sync\\messages.py', PermissionError(13, 'Access is denied'))
Failed to remove: (<built-in function unlink>, 'C:\\Users\\Andre\\AppData\\Roaming\\Blender Foundation\\Blender\\5.2\\extensions\\.local\\lib\\python3.13\\site-packages\\websockets\\sync\\router.py', PermissionError(13, 'Access is denied'))
Failed to remove: (<built-in function unlink>, 'C:\\Users\\Andre\\AppData\\Roaming\\Blender Foundation\\Blender\\5.2\\extensions\\.local\\lib\\python3.13\\site-packages\\websockets\\sync\\server.py', PermissionError(13, 'Access is denied'))
Failed to remove: (<built-in function unlink>, 'C:\\Users\\Andre\\AppData\\Roaming\\Blender Foundation\\Blender\\5.2\\extensions\\.local\\lib\\python3.13\\site-packages\\websockets\\sync\\utils.py', PermissionError(13, 'Access is denied'))
Failed to remove: (<built-in function unlink>, 'C:\\Users\\Andre\\AppData\\Roaming\\Blender Foundation\\Blender\\5.2\\extensions\\.local\\lib\\python3.13\\site-packages\\websockets\\sync\\__init__.py', PermissionError(13, 'Access is denied'))00:02.812  image.write      | ERROR OpenImageIO write failed: Could not open file "\.thumbnails\large\blender_8900_42a63fdcb79bec6f48848068381e9976.png.png"

Failed to remove: (<built-in function rmdir>, 'C:\\Users\\Andre\\AppData\\Roaming\\Blender Foundation\\Blender\\5.2\\extensions\\.local\\lib\\python3.13\\site-packages\\websockets\\asyncio', PermissionError(13, 'Access is denied'))
Failed to remove: (<built-in function rmdir>, 'C:\\Users\\Andre\\AppData\\Roaming\\Blender Foundation\\Blender\\5.2\\extensions\\.local\\lib\\python3.13\\site-packages\\websockets\\extensions', PermissionError(13, 'Access is denied'))
Failed to remove: (<built-in function rmdir>, 'C:\\Users\\Andre\\AppData\\Roaming\\Blender Foundation\\Blender\\5.2\\extensions\\.local\\lib\\python3.13\\site-packages\\websockets\\legacy', PermissionError(13, 'Access is denied'))
Failed to remove: (<built-in function rmdir>, 'C:\\Users\\Andre\\AppData\\Roaming\\Blender Foundation\\Blender\\5.2\\extensions\\.local\\lib\\python3.13\\site-packages\\websockets\\sync', PermissionError(13, 'Access is denied'))
Failed to remove: (<built-in function unlink>, 'C:\\Users\\Andre\\AppData\\Roaming\\Blender Foundation\\Blender\\5.2\\extensions\\.local\\lib\\python3.13\\site-packages\\websockets\\auth.py', PermissionError(13, 'Access is denied'))
Failed to remove: (<built-in function unlink>, 'C:\\Users\\Andre\\AppData\\Roaming\\Blender Foundation\\Blender\\5.2\\extensions\\.local\\lib\\python3.13\\site-packages\\websockets\\cli.py', PermissionError(13, 'Access is denied'))
Failed to remove: (<built-in function unlink>, 'C:\\Users\\Andre\\AppData\\Roaming\\Blender Foundation\\Blender\\5.2\\extensions\\.local\\lib\\python3.13\\site-packages\\websockets\\client.py', PermissionError(13, 'Access is denied'))
Failed to remove: (<built-in function unlink>, 'C:\\Users\\Andre\\AppData\\Roaming\\Blender Foundation\\Blender\\5.2\\extensions\\.local\\lib\\python3.13\\site-packages\\websockets\\connection.py', PermissionError(13, 'Access is denied'))
Failed to remove: (<built-in function unlink>, 'C:\\Users\\Andre\\AppData\\Roaming\\Blender Foundation\\Blender\\5.2\\extensions\\.local\\lib\\python3.13\\site-packages\\websockets\\datastructures.py', PermissionError(13, 'Access is denied'))
Failed to remove: (<built-in function unlink>, 'C:\\Users\\Andre\\AppData\\Roaming\\Blender Foundation\\Blender\\5.2\\extensions\\.local\\lib\\python3.13\\site-packages\\websockets\\exceptions.py', PermissionError(13, 'Access is denied'))
Failed to remove: (<built-in function unlink>, 'C:\\Users\\Andre\\AppData\\Roaming\\Blender Foundation\\Blender\\5.2\\extensions\\.local\\lib\\python3.13\\site-packages\\websockets\\frames.py', PermissionError(13, 'Access is denied'))
Failed to remove: (<built-in function unlink>, 'C:\\Users\\Andre\\AppData\\Roaming\\Blender Foundation\\Blender\\5.2\\extensions\\.local\\lib\\python3.13\\site-packages\\websockets\\headers.py', PermissionError(13, 'Access is denied'))
Failed to remove: (<built-in function unlink>, 'C:\\Users\\Andre\\AppData\\Roaming\\Blender Foundation\\Blender\\5.2\\extensions\\.local\\lib\\python3.13\\site-packages\\websockets\\http.py', PermissionError(13, 'Access is denied'))
Failed to remove: (<built-in function unlink>, 'C:\\Users\\Andre\\AppData\\Roaming\\Blender Foundation\\Blender\\5.2\\extensions\\.local\\lib\\python3.13\\site-packages\\websockets\\http11.py', PermissionError(13, 'Access is denied'))
Failed to remove: (<built-in function unlink>, 'C:\\Users\\Andre\\AppData\\Roaming\\Blender Foundation\\Blender\\5.2\\extensions\\.local\\lib\\python3.13\\site-packages\\websockets\\imports.py', PermissionError(13, 'Access is denied'))
Failed to remove: (<built-in function unlink>, 'C:\\Users\\Andre\\AppData\\Roaming\\Blender Foundation\\Blender\\5.2\\extensions\\.local\\lib\\python3.13\\site-packages\\websockets\\protocol.py', PermissionError(13, 'Access is denied'))
Failed to remove: (<built-in function unlink>, 'C:\\Users\\Andre\\AppData\\Roaming\\Blender Foundation\\Blender\\5.2\\extensions\\.local\\lib\\python3.13\\site-packages\\websockets\\proxy.py', PermissionError(13, 'Access is denied'))
Failed to remove: (<built-in function unlink>, 'C:\\Users\\Andre\\AppData\\Roaming\\Blender Foundation\\Blender\\5.2\\extensions\\.local\\lib\\python3.13\\site-packages\\websockets\\py.typed', PermissionError(13, 'Access is denied'))
Failed to remove: (<built-in function unlink>, 'C:\\Users\\Andre\\AppData\\Roaming\\Blender Foundation\\Blender\\5.2\\extensions\\.local\\lib\\python3.13\\site-packages\\websockets\\server.py', PermissionError(13, 'Access is denied'))
Failed to remove: (<built-in function unlink>, 'C:\\Users\\Andre\\AppData\\Roaming\\Blender Foundation\\Blender\\5.2\\extensions\\.local\\lib\\python3.13\\site-packages\\websockets\\speedups.c', PermissionError(13, 'Access is denied'))
Failed to remove: (<built-in function unlink>, 'C:\\Users\\Andre\\AppData\\Roaming\\Blender Foundation\\Blender\\5.2\\extensions\\.local\\lib\\python3.13\\site-packages\\websockets\\speedups.pyi', PermissionError(13, 'Access is denied'))
Failed to remove: (<built-in function unlink>, 'C:\\Users\\Andre\\AppData\\Roaming\\Blender Foundation\\Blender\\5.2\\extensions\\.local\\lib\\python3.13\\site-packages\\websockets\\streams.py', PermissionError(13, 'Access is denied'))
Failed to remove: (<built-in function unlink>, 'C:\\Users\\Andre\\AppData\\Roaming\\Blender Foundation\\Blender\\5.2\\extensions\\.local\\lib\\python3.13\\site-packages\\websockets\\typing.py', PermissionError(13, 'Access is denied'))
Failed to remove: (<built-in function unlink>, 'C:\\Users\\Andre\\AppData\\Roaming\\Blender Foundation\\Blender\\5.2\\extensions\\.local\\lib\\python3.13\\site-packages\\websockets\\uri.py', PermissionError(13, 'Access is denied'))
Failed to remove: (<built-in function unlink>, 'C:\\Users\\Andre\\AppData\\Roaming\\Blender Foundation\\Blender\\5.2\\extensions\\.local\\lib\\python3.13\\site-packages\\websockets\\utils.py', PermissionError(13, 'Access is denied'))
Failed to remove: (<built-in function unlink>, 'C:\\Users\\Andre\\AppData\\Roaming\\Blender Foundation\\Blender\\5.2\\extensions\\.local\\lib\\python3.13\\site-packages\\websockets\\version.py', PermissionError(13, 'Access is denied'))
Failed to remove: (<built-in function unlink>, 'C:\\Users\\Andre\\AppData\\Roaming\\Blender Foundation\\Blender\\5.2\\extensions\\.local\\lib\\python3.13\\site-packages\\websockets\\__init__.py', PermissionError(13, 'Access is denied'))
Failed to remove: (<built-in function unlink>, 'C:\\Users\\Andre\\AppData\\Roaming\\Blender Foundation\\Blender\\5.2\\extensions\\.local\\lib\\python3.13\\site-packages\\websockets\\__main__.py', PermissionError(13, 'Access is denied'))
Failed to remove: (<built-in function rmdir>, 'C:\\Users\\Andre\\AppData\\Roaming\\Blender Foundation\\Blender\\5.2\\extensions\\.local\\lib\\python3.13\\site-packages\\websockets', PermissionError(13, 'Access is denied'))
Unable to set stale files pending: [Errno 13] Permission denied: 'C:\\Users\\Andre\\AppData\\Roaming\\Blender Foundation\\Blender\\5.2\\config\\stale-pending'
FBX version: 7400

FBX export starting... 'E:\\Repo\\UE\\Projects\\MetaHumanTo3DCharacter\\Working\\Phase4A\\Geometry\\Unrigged\\Lara_Geometry.fbx'
export finished in 0.0482 sec.
Info: Saved as "Lara_Geometry.blend"
PHASE4A_GEOMETRY_DONE {"cases": [{"case": "MixamoRecovered", "source": "E:\\Repo\\UE\\Projects\\MetaHumanTo3DCharacter\\Working\\Phase4A\\Inputs\\MixamoRecovered\\tripo_convert_c86468c2-b692-4f02-a7aa-d0b57cca6741.fbx", "vertices": 27725, "polygons": 28636, "triangles": 49508, "uv_layers": 0, "uv_loop_count": 0, "uv_sha256": "e3b0c44298fc1c149afbf4c8996fb92427ae41e4649b934ca495991b7852b855", "face_index_sha256": "56c608ba406ea8d269453ff0097b59437461e7e4c5b13b9819dd34b4c154cb32", "materials": ["tripo_mat_c86468c2"], "bounds_metres": {"min": [-0.19995112717151642, -0.1042480617761612, -6.272677488539102e-09], "max": [0.19995123147964478, 0.10424809902906418, 0.99951171875]}, "armatures": 1, "vertex_groups_before": 52, "modifiers_before": ["ARMATURE"], "source_height_cm": 99.95117250226775, "height_requested_cm": 180.0, "uniform_factor": 1.8008793243112386, "export": "E:\\Repo\\UE\\Projects\\MetaHumanTo3DCharacter\\Working\\Phase4A\\Geometry\\MixamoRecovered\\Lara_Geometry.fbx", "height_output_cm": 180.0, "uv_sha256_after": "e3b0c44298fc1c149afbf4c8996fb92427ae41e4649b934ca495991b7852b855", "vertex_groups_after": 0, "modifiers_after": []}, {"case": "Unrigged", "source": "E:\\Repo\\UE\\Projects\\MetaHumanTo3DCharacter\\Working\\Phase4A\\Inputs\\Unrigged\\Lara_UnRigged_Textured.fbx", "vertices": 27725, "polygons": 28636, "triangles": 49508, "uv_layers": 1, "uv_loop_count": 106780, "uv_sha256": "17b2f20dd461baa3f55e5fdd3bea249a881311a9f16934839e58595b1da72cac", "face_index_sha256": "6b835f4af5e0c342122b476d04810264f158410a7b894addd737f2566e22daa3", "materials": ["f9dcb69f_c978_4517_86d5_c509f2f721f9"], "bounds_metres": {"min": [-0.199951171875, -0.10424807667732239, 3.3730747084348423e-09], "max": [0.199951171875, 0.10424814373254776, 0.99951171875]}, "armatures": 0, "vertex_groups_before": 0, "modifiers_before": [], "source_height_cm": 99.95117153769253, "height_requested_cm": 180.0, "uniform_factor": 1.8008793416905604, "export": "E:\\Repo\\UE\\Projects\\MetaHumanTo3DCharacter\\Working\\Phase4A\\Geometry\\Unrigged\\Lara_Geometry.fbx", "height_output_cm": 180.0, "uv_sha256_after": "17b2f20dd461baa3f55e5fdd3bea249a881311a9f16934839e58595b1da72cac", "vertex_groups_after": 0, "modifiers_after": []}], "vertex_count_equal": true, "face_indices_identical": false, "index_matched_max_world_distance_cm": 96.15057533244237}
Blender 5.2.0 LTS (hash fbe6228777e7 built 2026-07-14 01:35:40)

Blender quit
